title,url,image_url
"RRP £283.00 Electrolux Pure Q9, Cordless Stick Vacuum Cleaner, 2-in-1, Lightweight and Powerful, L",https://www.i-bidder.com/en-gb/auction-catalogues/coreva/catalogue-id-coreva11287/lot-58f03e68-ab36-4aa4-8246-b27400f7c3c9,
"Microsoft Surface Go Type Cover, Black. Box damaged",https://www.i-bidder.com/en-gb/auction-catalogues/vfauctions/catalogue-id-vf-auc10599/lot-66e39f1e-65ea-483d-9075-b27b00a39532,
"Numatic Henry NRV200-22 Vacuum Cleaner, and Quantity of Filter Bags",https://www.i-bidder.com/en-gb/auction-catalogues/eddisons/catalogue-id-eddiso12232/lot-1232acb5-4433-4bc0-86a4-b27b00b44d3e,
"RRP - £3710, 1 Pallet of Electronics & More By Beats, Emporia, Gigaset, Panasonic & More/1618-WQ",https://www.i-bidder.com/en-gb/auction-catalogues/william-george-auctions/catalogue-id-wi416207/lot-795a867a-74b4-4386-b4a4-b27c00e5b3bb,
Dimplex Optimyst 2000W Matt Black Cast iron effect Electric Stove. - PWBW.,https://www.i-bidder.com/en-gb/auction-catalogues/supremeauctions/catalogue-id-suprem14935/lot-687b6302-f1fd-4120-a07a-b28201023ca3,
Bose Acoustimass Subwoofer PS3-2-1,https://www.i-bidder.com/en-gb/auction-catalogues/coreva/catalogue-id-coreva11287/lot-45a8703a-2ba0-45c2-8134-b27400f7c690,
HARMIN MODERN 160CM TV STAND CABINET UNIT WITH HIGH GLOSS DOORS (BLACK ON BLACK),https://www.i-bidder.com/en-gb/auction-catalogues/eamagroup/catalogue-id-eama-g10626/lot-ddbed468-5479-430d-a276-b27d018810d1,
"Canon PIXMA TS3350 Wireless Colour All in One Inkjet Photo Printer, Black - ER22",https://www.i-bidder.com/en-gb/auction-catalogues/supremeauctions/catalogue-id-suprem14931/lot-47ea97b5-3455-4f13-ad62-b27d00d8cd13,
"Tower T17039 Xpress Pro 5-in-1 Digital Air Fryer Oven with Rapid Air Circulation, 60-Minute Timer,",https://www.i-bidder.com/en-gb/auction-catalogues/supremeauctions/catalogue-id-suprem14914/lot-d7f32093-def7-4e54-b93e-b27a01071118,
"Large Pallet of High End Printers to include; Canon, HP and more in various models, May include XP-",https://www.i-bidder.com/en-gb/auction-catalogues/supremeauctions/catalogue-id-suprem14914/lot-5d1d6316-a2c8-4e8e-b766-b27c008fcda1,
"2 x BLACK+DECKER | Wallpaper Steamer Stripper with Pad, 2400 W. - EBRF",https://www.i-bidder.com/en-gb/auction-catalogues/supremeauctions/catalogue-id-suprem14914/lot-3d621980-6f15-46cf-9fb3-b27a01071118,
RRP £84.00 SCS Sentinel Wired Video Intercom Prim'VisioFirst 4.3 PVF0050 White,https://www.i-bidder.com/en-gb/auction-catalogues/coreva/catalogue-id-coreva11294/lot-07063bb6-905c-42b7-8094-b27d00d86aa6,
SteelSeries Arctis 1 - Compatible with all platforms - Detachable ClearCast microphone,https://www.i-bidder.com/en-gb/auction-catalogues/coreva/catalogue-id-coreva11291/lot-66493f24-2c4c-4ab8-a0de-b27d00d295a4,
BLACK LEATHER BEDSIDE WITH BUILT IN RECHARGEABLE POP UP BLUETOOTH SPEAKER,https://www.i-bidder.com/en-gb/auction-catalogues/eamagroup/catalogue-id-eama-g10626/lot-6ba80e1e-6904-4818-a44c-b27d0189092a,
"Beldray BEL0820 Ultra Ceramic Steam Iron with Dual Soleplate Technology, 3100 W, 300 ml,. - BW.",https://www.i-bidder.com/en-gb/auction-catalogues/supremeauctions/catalogue-id-suprem14914/lot-4b18bb58-3583-4387-a24b-b27a01071125,
Pair Of Elinchrom D-Lite RX One Studio Lights,https://www.i-bidder.com/en-gb/auction-catalogues/ncm/catalogue-id-ncm-au11115/lot-1c0477cb-3915-4ef3-9287-b24f01105ca4,
Eddisons Auctions,https://www.i-bidder.com/en-gb/auction-catalogues/eddisons,
Auctions from NCM Auctions,https://www.i-bidder.com/en-gb/auction-catalogues/ncm,
Lenovo Ideapad 330S Windows 11 15.6” AMD Ryzen 3 4GB DDR4 1TB HD Radeon Vega HDMI Webcam,https://www.i-bidder.com/en-gb/auction-catalogues/william-george-auctions/catalogue-id-wi416217/lot-918c5adc-c2b4-4904-80f2-b27400da9354,
Refurbished Boxed Hisense AX5100G 5.1 Channel 340W Dobly Atmos Soundbar with Wireless Subwoofer. -,https://www.i-bidder.com/en-gb/auction-catalogues/supremeauctions/catalogue-id-suprem14954/lot-e8964b14-7070-4453-a85f-b27f015d84d8,
RRP £213.00 Apple AirPods Pro (1. generation) with MagSafe charging case (2021),https://www.i-bidder.com/en-gb/auction-catalogues/coreva/catalogue-id-coreva11297/lot-b606a67e-75f1-4a45-8648-b28200c31cdc,
RRP £99.00 JBL Tune 125 TWS In-Ear Bluetooth Headphones in Blue - Wireless earphones with built-i,https://www.i-bidder.com/en-gb/auction-catalogues/coreva/catalogue-id-coreva11294/lot-6e91ff44-dd36-4b7a-879b-b27d00d86814,
"First Stop Memory Blu PAT Tester, to case",https://www.i-bidder.com/en-gb/auction-catalogues/eddisons/catalogue-id-eddiso12232/lot-ad9eb351-b0bc-4c70-951c-b27b00b44900,
"HISENSE 55A6GTUK (55 Inch) UNBOXED 4K UHD Smart TV, with Dolby Vision HDR, DTS Virtual X, Youtube,",https://www.i-bidder.com/en-gb/auction-catalogues/supremeauctions/catalogue-id-suprem14721/lot-65574e68-d927-49fe-829f-b282008541c9,
WHITE LEATHER BEDSIDE WITH BUILT IN RECHARGEABLE POP UP BLUETOOTH SPEAKER,https://www.i-bidder.com/en-gb/auction-catalogues/eamagroup/catalogue-id-eama-g10626/lot-12e1ed7b-29db-4f6f-a790-b27d0188d1d5,
"Large Pallet of UNBOXED High-End Kitchen & Appliances Stock – May Include: Air Fryers, Electric",https://www.i-bidder.com/en-gb/auction-catalogues/supremeauctions/catalogue-id-suprem14937/lot-eb45f2d4-1ed0-4f0e-8c86-b27d00b06550,
"Acer Nitro 5 Laptop, AMD Ryzen 7 5800H, 16GB RAM, 256GB SSD, UK Keyboard, No OS Installed. Used, wit",https://www.i-bidder.com/en-gb/auction-catalogues/vfauctions/catalogue-id-vf-auc10601/lot-61258ddd-7638-42ca-8ba4-b28100f36108,
Professional A3 Scanner Epson GT-15000 - Flatbed Scanner High Resolution,https://www.i-bidder.com/en-gb/auction-catalogues/william-george-auctions/catalogue-id-wi416217/lot-d62e7917-9af3-4cf9-a912-b27400daa5b2,
"Lenovo ThinkPad X1 Yoga Gen 8 Laptop, 13th Gen Intel Core I7-1355U, 16GB RAM, 512GB SSD, Windows 11.",https://www.i-bidder.com/en-gb/auction-catalogues/vfauctions/catalogue-id-vf-auc10601/lot-03b080ed-2987-448f-bd7f-b28100f367b4,
WHITE LEATHER BEDSIDE WITH BUILT IN RECHARGEABLE POP UP BLUETOOTH SPEAKER,https://www.i-bidder.com/en-gb/auction-catalogues/eamagroup/catalogue-id-eama-g10626/lot-d61cfdf8-1c20-40a4-9402-b27e0002df4c,
Gobox VL300 LED Video Light,https://www.i-bidder.com/en-gb/auction-catalogues/ncm/catalogue-id-ncm-au11115/lot-3e62100b-2a58-4daf-a58b-b24f01105ac7,
"RRP £60.00 DeLonghi Nescafé Dolce Gusto Infinissima Pod Capsule Coffee Machine, Espresso, Cappuc",https://www.i-bidder.com/en-gb/auction-catalogues/coreva/catalogue-id-coreva11288/lot-78f21bab-e390-4c81-ba06-b27d00b74736,
"BRAND NEW Zebra DS2208 Corded Handheld 1D/2D Imager Barcode Scanner RRP £129, 2D barcodes have",https://www.i-bidder.com/en-gb/auction-catalogues/supremeauctions/catalogue-id-suprem14924/lot-a129aa21-6ae6-4e53-8bc7-b27a01760619,
RRP £398.00 AEG QX9-1-ANIM 2in1 cordless vacuum cleaner/bagless/pet hair nozzle & accessory set/up,https://www.i-bidder.com/en-gb/auction-catalogues/coreva/catalogue-id-coreva11286/lot-9ddf99e7-0b51-4427-8d21-b27400f95e1f,
William George Auctions,https://www.i-bidder.com/en-gb/auction-catalogues/william-george-auctions,
Canon EFS 18-135mm Camera Lens,https://www.i-bidder.com/en-gb/auction-catalogues/ncm/catalogue-id-ncm-au11115/lot-fbb239a1-5b53-416b-ae00-b24f01105a52,
Job Lot 25 x Ideal of Sweden Apple & Samsung High Quality Mobile Phone Cases RRP £750,https://www.i-bidder.com/en-gb/auction-catalogues/william-george-auctions/catalogue-id-wi416231/lot-24b736c4-00cc-4437-9667-b28300a0c48b,
2 x Phillips Perfect Care Elite 1.8L Irons,https://www.i-bidder.com/en-gb/auction-catalogues/eddisons/catalogue-id-eddiso12232/lot-a6e14db5-eaba-488d-9f35-b27b00b44c9a,
Job Lot 25 x Ideal of Sweden Apple & Samsung High Quality Mobile Phone Clutch Bags RRP £1000,https://www.i-bidder.com/en-gb/auction-catalogues/william-george-auctions/catalogue-id-wi416231/lot-1d929554-faa4-4dea-ae69-b28300a0c863,
Job Lot 100 x Ideal of Sweden Apple & Samsung High Quality Mobile Phone Cases RRP £3000,https://www.i-bidder.com/en-gb/auction-catalogues/william-george-auctions/catalogue-id-wi416231/lot-f39c1abe-dc5f-4145-bace-b28300a0e902,
"RRP £209.00 Toshiba Smart TV 32"" Full HD 32LK3C63DA, 32-Inch TV with Integrated Alexa, Compatible",https://www.i-bidder.com/en-gb/auction-catalogues/coreva/catalogue-id-coreva11296/lot-1e23c34a-1b0b-457d-9c18-b27d00d9d09c,
BLACK LEATHER BEDSIDE WITH BUILT IN RECHARGEABLE POP UP BLUETOOTH SPEAKER,https://www.i-bidder.com/en-gb/auction-catalogues/eamagroup/catalogue-id-eama-g10626/lot-42986a49-74a7-44f2-b3fd-b27d0188f358,
RRP £75.00 Jabra Elite Active 65t - True Wireless In-Ear Sports Headphones with Passive Noise Can,https://www.i-bidder.com/en-gb/auction-catalogues/coreva/catalogue-id-coreva11292/lot-52a1db6c-721f-4743-970d-b27d00d5fd29,
HP OfficeJet Pro 8132e All-in-One Wireless Printer with Touch Screen - ER22,https://www.i-bidder.com/en-gb/auction-catalogues/supremeauctions/catalogue-id-suprem14931/lot-3bdb9ab9-754b-4f1a-87ab-b27d00d8cd18,
WHITE LEATHER BEDSIDE WITH BUILT IN RECHARGEABLE POP UP BLUETOOTH SPEAKER,https://www.i-bidder.com/en-gb/auction-catalogues/eamagroup/catalogue-id-eama-g10626/lot-eda0f45c-2764-4975-8810-b27d018965c8,
"Refurbished Boxed Hisense 2.1 CH 240W Soundbar HS2100 - DTS Virtual X, Subwoofer, HDMI ARC,",https://www.i-bidder.com/en-gb/auction-catalogues/supremeauctions/catalogue-id-suprem14954/lot-134ddf2f-e1fd-4348-ab1e-b27f015d84d8,
Rangemaster RDXD18SS/C French Style Fridge Freezer Non Ice & Water – STAINLESS STEEL. - B/L. RRP £,https://www.i-bidder.com/en-gb/auction-catalogues/supremeauctions/catalogue-id-suprem14888/lot-ad48bb24-0915-44d8-abd4-b27500e1e429,
"RRP £123.00 Jabra Pro 920 and Pro 930 Replacement Mono DECT Headset (without wearing option), Blac",https://www.i-bidder.com/en-gb/auction-catalogues/coreva/catalogue-id-coreva11286/lot-0a5babe7-1be8-41f7-89ca-b27400f96267,
Job Lot 50 x Ideal of Sweden Apple & Samsung High Quality Mobile Phone Cases RRP £1500,https://www.i-bidder.com/en-gb/auction-catalogues/william-george-auctions/catalogue-id-wi416231/lot-f6e3730d-41b6-4426-b868-b28300a105e5,
RRP £82.00 Microsoft Sculpt Ergonomic Keyboard (German QWERTZ-Layout),https://www.i-bidder.com/en-gb/auction-catalogues/coreva/catalogue-id-coreva11298/lot-1218ea45-ef50-42f3-b4c6-b28300ea4285,
HARMIN MODERN 160CM TV STAND CABINET UNIT WITH HIGH GLOSS DOORS (BLACK ON BLACK),https://www.i-bidder.com/en-gb/auction-catalogues/eamagroup/catalogue-id-eama-g10626/lot-dd5bb598-de7a-445a-8181-b27d0187f384,
"20 X BRAND NEW Zebra DS2208 Corded Handheld 1D/2D Imager Barcode Scanner RRP £129, 2D barcodes",https://www.i-bidder.com/en-gb/auction-catalogues/supremeauctions/catalogue-id-suprem14924/lot-94d1e903-f123-42b6-910f-b27a01760619,
Auctions from Alexander Aurelius Auctioneers,https://www.i-bidder.com/en-gb/auction-catalogues/coreva,
RRP £456.00 APC by Schneider Electric Energy-Saving UPS PRO - BR1500GI - Uninterruptible Power Sup,https://www.i-bidder.com/en-gb/auction-catalogues/coreva/catalogue-id-coreva11297/lot-0cf01e6d-3517-445e-b52a-b28200c319c4,
Refurbished Boxed Hisense AX5125H 5.1.2 Channel 500W Dolby Atmos Soundbar with wireless subwoofer,https://www.i-bidder.com/en-gb/auction-catalogues/supremeauctions/catalogue-id-suprem14954/lot-9c2fc415-a8b5-4aa5-b99e-b27f015d84d8,
"HISENSE PureFlat RF540N4WFE Fridge Freezer. - B/L. RRP £1,299.00. Tired of always having to",https://www.i-bidder.com/en-gb/auction-catalogues/supremeauctions/catalogue-id-suprem14888/lot-37e5b9a9-8a49-41b0-a115-b27500e1e429,
"RRP £141.00 House of Marley Stir It Up Record Player (non-Bluetooth)  Vinyl Turntable, Stereo P",https://www.i-bidder.com/en-gb/auction-catalogues/coreva/catalogue-id-coreva11296/lot-8738e081-6106-4723-8fa5-b27d00d9d518,
Refurbished Boxed Trade Lot 5 x HISENSE HS214 2.1 All-in-one Sound Bar. RRP £199 each. (ROW5.5).,https://www.i-bidder.com/en-gb/auction-catalogues/supremeauctions/catalogue-id-suprem14954/lot-5195659d-43d5-4b33-9499-b27f015d84d8,
"HISENSE PureFlat Infinite RS818N4IIE American-Style Smart Fridge Freezer. - B/L. RRP £1,359.00.",https://www.i-bidder.com/en-gb/auction-catalogues/supremeauctions/catalogue-id-suprem14888/lot-4334955c-0036-4777-8840-b27500e1e429,
Job Lot 25 x Ideal of Sweden Apple & Samsung High Quality Mobile Phone Clutch Bags RRP £1500,https://www.i-bidder.com/en-gb/auction-catalogues/william-george-auctions/catalogue-id-wi416231/lot-57544755-5677-45fd-b2c3-b28300a0d537,
WHITE LEATHER BEDSIDE WITH BUILT IN RECHARGEABLE POP UP BLUETOOTH SPEAKER,https://www.i-bidder.com/en-gb/auction-catalogues/eamagroup/catalogue-id-eama-g10626/lot-4c66a177-34eb-40e4-b467-b27d01894fc3,
"RRP £138.00 Robot vacuum cleaner, floor cleaner, laser navigation, with app, black, VG RVC 3002 BK",https://www.i-bidder.com/en-gb/auction-catalogues/coreva/catalogue-id-coreva11287/lot-d3570224-5648-43f6-b10e-b27400f7c4fb,
"Black 35"" Tower Fan - ER32",https://www.i-bidder.com/en-gb/auction-catalogues/supremeauctions/catalogue-id-suprem14931/lot-fbb7575c-2063-4ea4-bb43-b27d00d8cd05,
SALTER EK6153 3-In-1 Digital Egg Cooker. -LEBR,https://www.i-bidder.com/en-gb/auction-catalogues/supremeauctions/catalogue-id-suprem14965/lot-97b8b83c-2da9-45ba-8957-b2800106ef06,
Sachtler Tripod with FSB 6 0407 Head,https://www.i-bidder.com/en-gb/auction-catalogues/ncm/catalogue-id-ncm-au11115/lot-9ed682e2-a6e0-4712-b332-b24f01106fa1,
"20 X BRAND NEW Zebra DS2208 Corded Handheld 1D/2D Imager Barcode Scanner RRP £129, 2D barcodes",https://www.i-bidder.com/en-gb/auction-catalogues/supremeauctions/catalogue-id-suprem14924/lot-23a732b9-5b94-40df-88c0-b27a01760619,
"RRP £3085.00 1 Pallet of Electronics & More By Gigaset, Hd, Jbl, Panasonic & more/1558-TL",https://www.i-bidder.com/en-gb/auction-catalogues/coreva/catalogue-id-coreva11293/lot-0a2c9bef-73e3-4840-b5d1-b28300e5605d,
"RRP - £3100, 1 Pallet of Electronics & More By Nintendo, Logitech, Panasonic & More/1558-TL",https://www.i-bidder.com/en-gb/auction-catalogues/william-george-auctions/catalogue-id-wi416207/lot-470be0f1-bb55-4fe2-a121-b27c00e5b226,
HARMIN MODERN 160CM TV STAND CABINET UNIT WITH HIGH GLOSS DOORS (BLACK ON BLACK),https://www.i-bidder.com/en-gb/auction-catalogues/eamagroup/catalogue-id-eama-g10626/lot-5afa39c4-7b5f-465e-9376-b27d018806f9,
BLACK LEATHER BEDSIDE WITH BUILT IN RECHARGEABLE POP UP BLUETOOTH SPEAKER,https://www.i-bidder.com/en-gb/auction-catalogues/eamagroup/catalogue-id-eama-g10626/lot-e7424d30-d38c-46b3-95a3-b27d0188edc6,
"RRP £189.00 Hama DAB Radio Internet Radio with CD Player & DAB+ DIR3510SCBTX (Digital Radio WLAN,",https://www.i-bidder.com/en-gb/auction-catalogues/coreva/catalogue-id-coreva11296/lot-d81e6aca-fcc9-4d14-859d-b27d00d9c8b4,
"RRP £279.00 HP LaserJet Neverstop 1202nw 5HG93A, A4 Multifunction Printer with Quick Refill Toner",https://www.i-bidder.com/en-gb/auction-catalogues/coreva/catalogue-id-coreva11296/lot-11973ae9-fc24-4708-8293-b27d00d9cab8,
"Large Pallet of BOXED High-End Kitchen & Appliances Stock – May Include: Air Fryers, Electric Cloths",https://www.i-bidder.com/en-gb/auction-catalogues/supremeauctions/catalogue-id-suprem14937/lot-2d3af175-1f73-4c7c-8e74-b27d00b06550,
EAMA Group Auctions,https://www.i-bidder.com/en-gb/auction-catalogues/eamagroup,
HARMIN MODERN 160CM TV STAND CABINET UNIT WITH HIGH GLOSS DOORS (BLACK ON BLACK),https://www.i-bidder.com/en-gb/auction-catalogues/eamagroup/catalogue-id-eama-g10626/lot-3f3a94a7-787e-4aa2-a60b-b27d0187e9d1,
"Large Pallet of High End Printers to include; Canon, HP and more in various models, May include XP-",https://www.i-bidder.com/en-gb/auction-catalogues/supremeauctions/catalogue-id-suprem14914/lot-8de9a581-1a15-4bd4-9386-b27c008fcd9c,
"Item has been withdrawn, apologies for any inconvenience",https://www.i-bidder.com/en-gb/auction-catalogues/william-george-auctions/catalogue-id-wi416207/lot-b27847f4-e1f8-4c31-a7dd-b27c00e60ab9,
Beko QBSE222X Built-in Multifunction Oven. - R9BW. RRP £329.00.,https://www.i-bidder.com/en-gb/auction-catalogues/supremeauctions/catalogue-id-suprem14935/lot-7f0e2fb8-68eb-4b64-9df3-b28201023cad,
"Large Pallet of High End Printers to include; Canon, HP and more in various models, May include XP-",https://www.i-bidder.com/en-gb/auction-catalogues/supremeauctions/catalogue-id-suprem14914/lot-bf0756cb-20d2-4fb0-8c89-b27c008fcd9c,
"Refurbished Boxed Hisense Soundbar HS3100-6-speaker surround sound system, 480W Total Output Power,",https://www.i-bidder.com/en-gb/auction-catalogues/supremeauctions/catalogue-id-suprem14954/lot-b3700765-bc6e-46dd-bd43-b27f015d84d8,
WHITE LEATHER BEDSIDE WITH BUILT IN RECHARGEABLE POP UP BLUETOOTH SPEAKER,https://www.i-bidder.com/en-gb/auction-catalogues/eamagroup/catalogue-id-eama-g10626/lot-c1ef9190-5124-4981-b7e0-b27d0189146d,
BLACK LEATHER BEDSIDE WITH BUILT IN RECHARGEABLE POP UP BLUETOOTH SPEAKER,https://www.i-bidder.com/en-gb/auction-catalogues/eamagroup/catalogue-id-eama-g10626/lot-0ef8a3bd-ead1-4f5e-8cfa-b27d0188e799,
RRP £159.00 Apple AirPods (3rd Generation) with Lightning Charging Case (2022),https://www.i-bidder.com/en-gb/auction-catalogues/coreva/catalogue-id-coreva11296/lot-03626e40-bd28-4f0e-8797-b27d00d9cf51,
RRP £287.00 CORSAIR K100 AIR WIRELESS RGB Ultra-Thin Mechanical Gaming Keyboard - CHERRY MX Low Pr,https://www.i-bidder.com/en-gb/auction-catalogues/coreva/catalogue-id-coreva11296/lot-622d0a1a-364c-4b71-8e00-b27d00d9cc02,
Prolectrix model SB719640 Vinyl/Cd/Cassette Player,https://www.i-bidder.com/en-gb/auction-catalogues/coreva/catalogue-id-coreva11291/lot-aa2c1e05-9e7e-4025-be6f-b27d00d2849d,
Auctions from Vernon Fox Auctions,https://www.i-bidder.com/en-gb/auction-catalogues/vfauctions,
Salter Aspen 1300W Stand Mixer. - LEBR.,https://www.i-bidder.com/en-gb/auction-catalogues/supremeauctions/catalogue-id-suprem14965/lot-3b1c4930-8c5e-4c72-9ff4-b2800106ef0b,
"RRP £277.00 HP Smart Tank 7305 All-in-One Printer - Color Inkjet - 3 Years of Ink Included (Copy,",https://www.i-bidder.com/en-gb/auction-catalogues/coreva/catalogue-id-coreva11297/lot-93fc5223-0325-4694-8fbc-b28200c31a96,
Maytag MTD09WH/1 Tumble Dryer,https://www.i-bidder.com/en-gb/auction-catalogues/eddisons/catalogue-id-eddiso12232/lot-c5450947-1871-4daa-8658-b27b00b44ce8,
DG60FAK LAND ROVERDISCOVERY 4 DIESEL SW - 3.0 TDV6 XS 5dr Auto First Registered: 08/09/2010. MOT,https://www.i-bidder.com/en-gb/auction-catalogues/supremeauctions/catalogue-id-suprem14850/lot-29132fbb-9f47-447a-9b95-b27a0108b755,
"Beldray BEL0820 Ultra Ceramic Steam Iron with Dual Soleplate Technology, 3100 W, 300 ml,. - BW.",https://www.i-bidder.com/en-gb/auction-catalogues/supremeauctions/catalogue-id-suprem14914/lot-fa36c08a-a43c-43a7-92a4-b27a01071125,
"BRAND NEW Zebra DS2208 Corded Handheld 1D/2D Imager Barcode Scanner RRP £129, 2D barcodes have",https://www.i-bidder.com/en-gb/auction-catalogues/supremeauctions/catalogue-id-suprem14924/lot-f2228b65-bdfc-48c2-b563-b27a0176061a,
"RRP £159.00 Somfy 9028474 - Connectivity Module - To connect the V350, V500 or V500 PRO io interco",https://www.i-bidder.com/en-gb/auction-catalogues/coreva/catalogue-id-coreva11298/lot-f398e54c-1024-425e-a5b3-b28300ea3e1e,
RRP £292.00 Thrustmaster T248 Racing Wheel Force Feedback and Magnetic Pedals - PS5 / PS4 / PC,https://www.i-bidder.com/en-gb/auction-catalogues/coreva/catalogue-id-coreva11297/lot-1bf206c1-fec6-4bfd-8f54-b28200c31b02,
Auctions from Supreme Auctions,https://www.i-bidder.com/en-gb/auction-catalogues/supremeauctions,
Apple iMac 27” 5K (2019) OS Sonoma Intel Core i9-9900K (8 Core) 24GB DDR4 500GB SSD Office,https://www.i-bidder.com/en-gb/auction-catalogues/william-george-auctions/catalogue-id-wi416217/lot-1c37ec26-ae73-489b-ba05-b27400da706c,
GoPro Extension Pole Waterproof Shutter Remote,https://www.i-bidder.com/en-gb/auction-catalogues/vfauctions/catalogue-id-vf-auc10599/lot-3f4d0d7b-69b6-4060-8095-b27b00a3917e,
Dell Latitude 5175 Windows 11 Pro 10.8” Intel m5-6Y57 4GB DDR4 128GB SSD HDMI Webcam Office,https://www.i-bidder.com/en-gb/auction-catalogues/william-george-auctions/catalogue-id-wi416217/lot-032ccfcf-fde1-43f2-b846-b27400da87db,
GoPro Extension Pole + Waterproof Shutter Remote,https://www.i-bidder.com/en-gb/auction-catalogues/vfauctions/catalogue-id-vf-auc10601/lot-7804d7d4-f77e-48b1-96cd-b28100f34fe5,
WHITE LEATHER BEDSIDE WITH BUILT IN RECHARGEABLE POP UP BLUETOOTH SPEAKER,https://www.i-bidder.com/en-gb/auction-catalogues/eamagroup/catalogue-id-eama-g10626/lot-0bf7f737-ec9e-4b7b-a201-b27d018928e6,
"RRP £283.00 Electrolux Pure Q9, Cordless Stick Vacuum Cleaner, 2-in-1, Lightweight and Powerful, L",https://www.i-bidder.com/en-gb/auction-catalogues/coreva/catalogue-id-coreva11287/lot-58f03e68-ab36-4aa4-8246-b27400f7c3c9,
"Microsoft Surface Go Type Cover, Black. Box damaged",https://www.i-bidder.com/en-gb/auction-catalogues/vfauctions/catalogue-id-vf-auc10599/lot-66e39f1e-65ea-483d-9075-b27b00a39532,
"Numatic Henry NRV200-22 Vacuum Cleaner, and Quantity of Filter Bags",https://www.i-bidder.com/en-gb/auction-catalogues/eddisons/catalogue-id-eddiso12232/lot-1232acb5-4433-4bc0-86a4-b27b00b44d3e,
"RRP - £3710, 1 Pallet of Electronics & More By Beats, Emporia, Gigaset, Panasonic & More/1618-WQ",https://www.i-bidder.com/en-gb/auction-catalogues/william-george-auctions/catalogue-id-wi416207/lot-795a867a-74b4-4386-b4a4-b27c00e5b3bb,
Dimplex Optimyst 2000W Matt Black Cast iron effect Electric Stove. - PWBW.,https://www.i-bidder.com/en-gb/auction-catalogues/supremeauctions/catalogue-id-suprem14935/lot-687b6302-f1fd-4120-a07a-b28201023ca3,
Bose Acoustimass Subwoofer PS3-2-1,https://www.i-bidder.com/en-gb/auction-catalogues/coreva/catalogue-id-coreva11287/lot-45a8703a-2ba0-45c2-8134-b27400f7c690,
HARMIN MODERN 160CM TV STAND CABINET UNIT WITH HIGH GLOSS DOORS (BLACK ON BLACK),https://www.i-bidder.com/en-gb/auction-catalogues/eamagroup/catalogue-id-eama-g10626/lot-ddbed468-5479-430d-a276-b27d018810d1,
"Canon PIXMA TS3350 Wireless Colour All in One Inkjet Photo Printer, Black - ER22",https://www.i-bidder.com/en-gb/auction-catalogues/supremeauctions/catalogue-id-suprem14931/lot-47ea97b5-3455-4f13-ad62-b27d00d8cd13,
"Tower T17039 Xpress Pro 5-in-1 Digital Air Fryer Oven with Rapid Air Circulation, 60-Minute Timer,",https://www.i-bidder.com/en-gb/auction-catalogues/supremeauctions/catalogue-id-suprem14914/lot-d7f32093-def7-4e54-b93e-b27a01071118,
"Large Pallet of High End Printers to include; Canon, HP and more in various models, May include XP-",https://www.i-bidder.com/en-gb/auction-catalogues/supremeauctions/catalogue-id-suprem14914/lot-5d1d6316-a2c8-4e8e-b766-b27c008fcda1,
"2 x BLACK+DECKER | Wallpaper Steamer Stripper with Pad, 2400 W. - EBRF",https://www.i-bidder.com/en-gb/auction-catalogues/supremeauctions/catalogue-id-suprem14914/lot-3d621980-6f15-46cf-9fb3-b27a01071118,
RRP £84.00 SCS Sentinel Wired Video Intercom Prim'VisioFirst 4.3 PVF0050 White,https://www.i-bidder.com/en-gb/auction-catalogues/coreva/catalogue-id-coreva11294/lot-07063bb6-905c-42b7-8094-b27d00d86aa6,
SteelSeries Arctis 1 - Compatible with all platforms - Detachable ClearCast microphone,https://www.i-bidder.com/en-gb/auction-catalogues/coreva/catalogue-id-coreva11291/lot-66493f24-2c4c-4ab8-a0de-b27d00d295a4,
BLACK LEATHER BEDSIDE WITH BUILT IN RECHARGEABLE POP UP BLUETOOTH SPEAKER,https://www.i-bidder.com/en-gb/auction-catalogues/eamagroup/catalogue-id-eama-g10626/lot-6ba80e1e-6904-4818-a44c-b27d0189092a,
"Beldray BEL0820 Ultra Ceramic Steam Iron with Dual Soleplate Technology, 3100 W, 300 ml,. - BW.",https://www.i-bidder.com/en-gb/auction-catalogues/supremeauctions/catalogue-id-suprem14914/lot-4b18bb58-3583-4387-a24b-b27a01071125,
Pair Of Elinchrom D-Lite RX One Studio Lights,https://www.i-bidder.com/en-gb/auction-catalogues/ncm/catalogue-id-ncm-au11115/lot-1c0477cb-3915-4ef3-9287-b24f01105ca4,
Eddisons Auctions,https://www.i-bidder.com/en-gb/auction-catalogues/eddisons,
Auctions from NCM Auctions,https://www.i-bidder.com/en-gb/auction-catalogues/ncm,
Lenovo Ideapad 330S Windows 11 15.6” AMD Ryzen 3 4GB DDR4 1TB HD Radeon Vega HDMI Webcam,https://www.i-bidder.com/en-gb/auction-catalogues/william-george-auctions/catalogue-id-wi416217/lot-918c5adc-c2b4-4904-80f2-b27400da9354,
Refurbished Boxed Hisense AX5100G 5.1 Channel 340W Dobly Atmos Soundbar with Wireless Subwoofer. -,https://www.i-bidder.com/en-gb/auction-catalogues/supremeauctions/catalogue-id-suprem14954/lot-e8964b14-7070-4453-a85f-b27f015d84d8,
RRP £213.00 Apple AirPods Pro (1. generation) with MagSafe charging case (2021),https://www.i-bidder.com/en-gb/auction-catalogues/coreva/catalogue-id-coreva11297/lot-b606a67e-75f1-4a45-8648-b28200c31cdc,
RRP £99.00 JBL Tune 125 TWS In-Ear Bluetooth Headphones in Blue - Wireless earphones with built-i,https://www.i-bidder.com/en-gb/auction-catalogues/coreva/catalogue-id-coreva11294/lot-6e91ff44-dd36-4b7a-879b-b27d00d86814,
"First Stop Memory Blu PAT Tester, to case",https://www.i-bidder.com/en-gb/auction-catalogues/eddisons/catalogue-id-eddiso12232/lot-ad9eb351-b0bc-4c70-951c-b27b00b44900,
"HISENSE 55A6GTUK (55 Inch) UNBOXED 4K UHD Smart TV, with Dolby Vision HDR, DTS Virtual X, Youtube,",https://www.i-bidder.com/en-gb/auction-catalogues/supremeauctions/catalogue-id-suprem14721/lot-65574e68-d927-49fe-829f-b282008541c9,
WHITE LEATHER BEDSIDE WITH BUILT IN RECHARGEABLE POP UP BLUETOOTH SPEAKER,https://www.i-bidder.com/en-gb/auction-catalogues/eamagroup/catalogue-id-eama-g10626/lot-12e1ed7b-29db-4f6f-a790-b27d0188d1d5,
"Large Pallet of UNBOXED High-End Kitchen & Appliances Stock – May Include: Air Fryers, Electric",https://www.i-bidder.com/en-gb/auction-catalogues/supremeauctions/catalogue-id-suprem14937/lot-eb45f2d4-1ed0-4f0e-8c86-b27d00b06550,
"Acer Nitro 5 Laptop, AMD Ryzen 7 5800H, 16GB RAM, 256GB SSD, UK Keyboard, No OS Installed. Used, wit",https://www.i-bidder.com/en-gb/auction-catalogues/vfauctions/catalogue-id-vf-auc10601/lot-61258ddd-7638-42ca-8ba4-b28100f36108,
Professional A3 Scanner Epson GT-15000 - Flatbed Scanner High Resolution,https://www.i-bidder.com/en-gb/auction-catalogues/william-george-auctions/catalogue-id-wi416217/lot-d62e7917-9af3-4cf9-a912-b27400daa5b2,
"Lenovo ThinkPad X1 Yoga Gen 8 Laptop, 13th Gen Intel Core I7-1355U, 16GB RAM, 512GB SSD, Windows 11.",https://www.i-bidder.com/en-gb/auction-catalogues/vfauctions/catalogue-id-vf-auc10601/lot-03b080ed-2987-448f-bd7f-b28100f367b4,
WHITE LEATHER BEDSIDE WITH BUILT IN RECHARGEABLE POP UP BLUETOOTH SPEAKER,https://www.i-bidder.com/en-gb/auction-catalogues/eamagroup/catalogue-id-eama-g10626/lot-d61cfdf8-1c20-40a4-9402-b27e0002df4c,
Gobox VL300 LED Video Light,https://www.i-bidder.com/en-gb/auction-catalogues/ncm/catalogue-id-ncm-au11115/lot-3e62100b-2a58-4daf-a58b-b24f01105ac7,
"RRP £60.00 DeLonghi Nescafé Dolce Gusto Infinissima Pod Capsule Coffee Machine, Espresso, Cappuc",https://www.i-bidder.com/en-gb/auction-catalogues/coreva/catalogue-id-coreva11288/lot-78f21bab-e390-4c81-ba06-b27d00b74736,
"BRAND NEW Zebra DS2208 Corded Handheld 1D/2D Imager Barcode Scanner RRP £129, 2D barcodes have",https://www.i-bidder.com/en-gb/auction-catalogues/supremeauctions/catalogue-id-suprem14924/lot-a129aa21-6ae6-4e53-8bc7-b27a01760619,
RRP £398.00 AEG QX9-1-ANIM 2in1 cordless vacuum cleaner/bagless/pet hair nozzle & accessory set/up,https://www.i-bidder.com/en-gb/auction-catalogues/coreva/catalogue-id-coreva11286/lot-9ddf99e7-0b51-4427-8d21-b27400f95e1f,
William George Auctions,https://www.i-bidder.com/en-gb/auction-catalogues/william-george-auctions,
Canon EFS 18-135mm Camera Lens,https://www.i-bidder.com/en-gb/auction-catalogues/ncm/catalogue-id-ncm-au11115/lot-fbb239a1-5b53-416b-ae00-b24f01105a52,
Job Lot 25 x Ideal of Sweden Apple & Samsung High Quality Mobile Phone Cases RRP £750,https://www.i-bidder.com/en-gb/auction-catalogues/william-george-auctions/catalogue-id-wi416231/lot-24b736c4-00cc-4437-9667-b28300a0c48b,
2 x Phillips Perfect Care Elite 1.8L Irons,https://www.i-bidder.com/en-gb/auction-catalogues/eddisons/catalogue-id-eddiso12232/lot-a6e14db5-eaba-488d-9f35-b27b00b44c9a,
Job Lot 25 x Ideal of Sweden Apple & Samsung High Quality Mobile Phone Clutch Bags RRP £1000,https://www.i-bidder.com/en-gb/auction-catalogues/william-george-auctions/catalogue-id-wi416231/lot-1d929554-faa4-4dea-ae69-b28300a0c863,
Job Lot 100 x Ideal of Sweden Apple & Samsung High Quality Mobile Phone Cases RRP £3000,https://www.i-bidder.com/en-gb/auction-catalogues/william-george-auctions/catalogue-id-wi416231/lot-f39c1abe-dc5f-4145-bace-b28300a0e902,
"RRP £209.00 Toshiba Smart TV 32"" Full HD 32LK3C63DA, 32-Inch TV with Integrated Alexa, Compatible",https://www.i-bidder.com/en-gb/auction-catalogues/coreva/catalogue-id-coreva11296/lot-1e23c34a-1b0b-457d-9c18-b27d00d9d09c,
BLACK LEATHER BEDSIDE WITH BUILT IN RECHARGEABLE POP UP BLUETOOTH SPEAKER,https://www.i-bidder.com/en-gb/auction-catalogues/eamagroup/catalogue-id-eama-g10626/lot-42986a49-74a7-44f2-b3fd-b27d0188f358,
RRP £75.00 Jabra Elite Active 65t - True Wireless In-Ear Sports Headphones with Passive Noise Can,https://www.i-bidder.com/en-gb/auction-catalogues/coreva/catalogue-id-coreva11292/lot-52a1db6c-721f-4743-970d-b27d00d5fd29,
HP OfficeJet Pro 8132e All-in-One Wireless Printer with Touch Screen - ER22,https://www.i-bidder.com/en-gb/auction-catalogues/supremeauctions/catalogue-id-suprem14931/lot-3bdb9ab9-754b-4f1a-87ab-b27d00d8cd18,
WHITE LEATHER BEDSIDE WITH BUILT IN RECHARGEABLE POP UP BLUETOOTH SPEAKER,https://www.i-bidder.com/en-gb/auction-catalogues/eamagroup/catalogue-id-eama-g10626/lot-eda0f45c-2764-4975-8810-b27d018965c8,
"Refurbished Boxed Hisense 2.1 CH 240W Soundbar HS2100 - DTS Virtual X, Subwoofer, HDMI ARC,",https://www.i-bidder.com/en-gb/auction-catalogues/supremeauctions/catalogue-id-suprem14954/lot-134ddf2f-e1fd-4348-ab1e-b27f015d84d8,
Rangemaster RDXD18SS/C French Style Fridge Freezer Non Ice & Water – STAINLESS STEEL. - B/L. RRP £,https://www.i-bidder.com/en-gb/auction-catalogues/supremeauctions/catalogue-id-suprem14888/lot-ad48bb24-0915-44d8-abd4-b27500e1e429,
"RRP £123.00 Jabra Pro 920 and Pro 930 Replacement Mono DECT Headset (without wearing option), Blac",https://www.i-bidder.com/en-gb/auction-catalogues/coreva/catalogue-id-coreva11286/lot-0a5babe7-1be8-41f7-89ca-b27400f96267,
Job Lot 50 x Ideal of Sweden Apple & Samsung High Quality Mobile Phone Cases RRP £1500,https://www.i-bidder.com/en-gb/auction-catalogues/william-george-auctions/catalogue-id-wi416231/lot-f6e3730d-41b6-4426-b868-b28300a105e5,
RRP £82.00 Microsoft Sculpt Ergonomic Keyboard (German QWERTZ-Layout),https://www.i-bidder.com/en-gb/auction-catalogues/coreva/catalogue-id-coreva11298/lot-1218ea45-ef50-42f3-b4c6-b28300ea4285,
HARMIN MODERN 160CM TV STAND CABINET UNIT WITH HIGH GLOSS DOORS (BLACK ON BLACK),https://www.i-bidder.com/en-gb/auction-catalogues/eamagroup/catalogue-id-eama-g10626/lot-dd5bb598-de7a-445a-8181-b27d0187f384,
"20 X BRAND NEW Zebra DS2208 Corded Handheld 1D/2D Imager Barcode Scanner RRP £129, 2D barcodes",https://www.i-bidder.com/en-gb/auction-catalogues/supremeauctions/catalogue-id-suprem14924/lot-94d1e903-f123-42b6-910f-b27a01760619,
Auctions from Alexander Aurelius Auctioneers,https://www.i-bidder.com/en-gb/auction-catalogues/coreva,
RRP £456.00 APC by Schneider Electric Energy-Saving UPS PRO - BR1500GI - Uninterruptible Power Sup,https://www.i-bidder.com/en-gb/auction-catalogues/coreva/catalogue-id-coreva11297/lot-0cf01e6d-3517-445e-b52a-b28200c319c4,
Refurbished Boxed Hisense AX5125H 5.1.2 Channel 500W Dolby Atmos Soundbar with wireless subwoofer,https://www.i-bidder.com/en-gb/auction-catalogues/supremeauctions/catalogue-id-suprem14954/lot-9c2fc415-a8b5-4aa5-b99e-b27f015d84d8,
"HISENSE PureFlat RF540N4WFE Fridge Freezer. - B/L. RRP £1,299.00. Tired of always having to",https://www.i-bidder.com/en-gb/auction-catalogues/supremeauctions/catalogue-id-suprem14888/lot-37e5b9a9-8a49-41b0-a115-b27500e1e429,
"RRP £141.00 House of Marley Stir It Up Record Player (non-Bluetooth)  Vinyl Turntable, Stereo P",https://www.i-bidder.com/en-gb/auction-catalogues/coreva/catalogue-id-coreva11296/lot-8738e081-6106-4723-8fa5-b27d00d9d518,
Refurbished Boxed Trade Lot 5 x HISENSE HS214 2.1 All-in-one Sound Bar. RRP £199 each. (ROW5.5).,https://www.i-bidder.com/en-gb/auction-catalogues/supremeauctions/catalogue-id-suprem14954/lot-5195659d-43d5-4b33-9499-b27f015d84d8,
"HISENSE PureFlat Infinite RS818N4IIE American-Style Smart Fridge Freezer. - B/L. RRP £1,359.00.",https://www.i-bidder.com/en-gb/auction-catalogues/supremeauctions/catalogue-id-suprem14888/lot-4334955c-0036-4777-8840-b27500e1e429,
Job Lot 25 x Ideal of Sweden Apple & Samsung High Quality Mobile Phone Clutch Bags RRP £1500,https://www.i-bidder.com/en-gb/auction-catalogues/william-george-auctions/catalogue-id-wi416231/lot-57544755-5677-45fd-b2c3-b28300a0d537,
WHITE LEATHER BEDSIDE WITH BUILT IN RECHARGEABLE POP UP BLUETOOTH SPEAKER,https://www.i-bidder.com/en-gb/auction-catalogues/eamagroup/catalogue-id-eama-g10626/lot-4c66a177-34eb-40e4-b467-b27d01894fc3,
"RRP £138.00 Robot vacuum cleaner, floor cleaner, laser navigation, with app, black, VG RVC 3002 BK",https://www.i-bidder.com/en-gb/auction-catalogues/coreva/catalogue-id-coreva11287/lot-d3570224-5648-43f6-b10e-b27400f7c4fb,
"Black 35"" Tower Fan - ER32",https://www.i-bidder.com/en-gb/auction-catalogues/supremeauctions/catalogue-id-suprem14931/lot-fbb7575c-2063-4ea4-bb43-b27d00d8cd05,
SALTER EK6153 3-In-1 Digital Egg Cooker. -LEBR,https://www.i-bidder.com/en-gb/auction-catalogues/supremeauctions/catalogue-id-suprem14965/lot-97b8b83c-2da9-45ba-8957-b2800106ef06,
Sachtler Tripod with FSB 6 0407 Head,https://www.i-bidder.com/en-gb/auction-catalogues/ncm/catalogue-id-ncm-au11115/lot-9ed682e2-a6e0-4712-b332-b24f01106fa1,
"20 X BRAND NEW Zebra DS2208 Corded Handheld 1D/2D Imager Barcode Scanner RRP £129, 2D barcodes",https://www.i-bidder.com/en-gb/auction-catalogues/supremeauctions/catalogue-id-suprem14924/lot-23a732b9-5b94-40df-88c0-b27a01760619,
"RRP £3085.00 1 Pallet of Electronics & More By Gigaset, Hd, Jbl, Panasonic & more/1558-TL",https://www.i-bidder.com/en-gb/auction-catalogues/coreva/catalogue-id-coreva11293/lot-0a2c9bef-73e3-4840-b5d1-b28300e5605d,
"RRP - £3100, 1 Pallet of Electronics & More By Nintendo, Logitech, Panasonic & More/1558-TL",https://www.i-bidder.com/en-gb/auction-catalogues/william-george-auctions/catalogue-id-wi416207/lot-470be0f1-bb55-4fe2-a121-b27c00e5b226,
HARMIN MODERN 160CM TV STAND CABINET UNIT WITH HIGH GLOSS DOORS (BLACK ON BLACK),https://www.i-bidder.com/en-gb/auction-catalogues/eamagroup/catalogue-id-eama-g10626/lot-5afa39c4-7b5f-465e-9376-b27d018806f9,
BLACK LEATHER BEDSIDE WITH BUILT IN RECHARGEABLE POP UP BLUETOOTH SPEAKER,https://www.i-bidder.com/en-gb/auction-catalogues/eamagroup/catalogue-id-eama-g10626/lot-e7424d30-d38c-46b3-95a3-b27d0188edc6,
"RRP £189.00 Hama DAB Radio Internet Radio with CD Player & DAB+ DIR3510SCBTX (Digital Radio WLAN,",https://www.i-bidder.com/en-gb/auction-catalogues/coreva/catalogue-id-coreva11296/lot-d81e6aca-fcc9-4d14-859d-b27d00d9c8b4,
"RRP £279.00 HP LaserJet Neverstop 1202nw 5HG93A, A4 Multifunction Printer with Quick Refill Toner",https://www.i-bidder.com/en-gb/auction-catalogues/coreva/catalogue-id-coreva11296/lot-11973ae9-fc24-4708-8293-b27d00d9cab8,
"Large Pallet of BOXED High-End Kitchen & Appliances Stock – May Include: Air Fryers, Electric Cloths",https://www.i-bidder.com/en-gb/auction-catalogues/supremeauctions/catalogue-id-suprem14937/lot-2d3af175-1f73-4c7c-8e74-b27d00b06550,
EAMA Group Auctions,https://www.i-bidder.com/en-gb/auction-catalogues/eamagroup,
HARMIN MODERN 160CM TV STAND CABINET UNIT WITH HIGH GLOSS DOORS (BLACK ON BLACK),https://www.i-bidder.com/en-gb/auction-catalogues/eamagroup/catalogue-id-eama-g10626/lot-3f3a94a7-787e-4aa2-a60b-b27d0187e9d1,
"Large Pallet of High End Printers to include; Canon, HP and more in various models, May include XP-",https://www.i-bidder.com/en-gb/auction-catalogues/supremeauctions/catalogue-id-suprem14914/lot-8de9a581-1a15-4bd4-9386-b27c008fcd9c,
"Item has been withdrawn, apologies for any inconvenience",https://www.i-bidder.com/en-gb/auction-catalogues/william-george-auctions/catalogue-id-wi416207/lot-b27847f4-e1f8-4c31-a7dd-b27c00e60ab9,
Beko QBSE222X Built-in Multifunction Oven. - R9BW. RRP £329.00.,https://www.i-bidder.com/en-gb/auction-catalogues/supremeauctions/catalogue-id-suprem14935/lot-7f0e2fb8-68eb-4b64-9df3-b28201023cad,
"Large Pallet of High End Printers to include; Canon, HP and more in various models, May include XP-",https://www.i-bidder.com/en-gb/auction-catalogues/supremeauctions/catalogue-id-suprem14914/lot-bf0756cb-20d2-4fb0-8c89-b27c008fcd9c,
"Refurbished Boxed Hisense Soundbar HS3100-6-speaker surround sound system, 480W Total Output Power,",https://www.i-bidder.com/en-gb/auction-catalogues/supremeauctions/catalogue-id-suprem14954/lot-b3700765-bc6e-46dd-bd43-b27f015d84d8,
WHITE LEATHER BEDSIDE WITH BUILT IN RECHARGEABLE POP UP BLUETOOTH SPEAKER,https://www.i-bidder.com/en-gb/auction-catalogues/eamagroup/catalogue-id-eama-g10626/lot-c1ef9190-5124-4981-b7e0-b27d0189146d,
BLACK LEATHER BEDSIDE WITH BUILT IN RECHARGEABLE POP UP BLUETOOTH SPEAKER,https://www.i-bidder.com/en-gb/auction-catalogues/eamagroup/catalogue-id-eama-g10626/lot-0ef8a3bd-ead1-4f5e-8cfa-b27d0188e799,
RRP £159.00 Apple AirPods (3rd Generation) with Lightning Charging Case (2022),https://www.i-bidder.com/en-gb/auction-catalogues/coreva/catalogue-id-coreva11296/lot-03626e40-bd28-4f0e-8797-b27d00d9cf51,
RRP £287.00 CORSAIR K100 AIR WIRELESS RGB Ultra-Thin Mechanical Gaming Keyboard - CHERRY MX Low Pr,https://www.i-bidder.com/en-gb/auction-catalogues/coreva/catalogue-id-coreva11296/lot-622d0a1a-364c-4b71-8e00-b27d00d9cc02,
Prolectrix model SB719640 Vinyl/Cd/Cassette Player,https://www.i-bidder.com/en-gb/auction-catalogues/coreva/catalogue-id-coreva11291/lot-aa2c1e05-9e7e-4025-be6f-b27d00d2849d,
Auctions from Vernon Fox Auctions,https://www.i-bidder.com/en-gb/auction-catalogues/vfauctions,
Salter Aspen 1300W Stand Mixer. - LEBR.,https://www.i-bidder.com/en-gb/auction-catalogues/supremeauctions/catalogue-id-suprem14965/lot-3b1c4930-8c5e-4c72-9ff4-b2800106ef0b,
"RRP £277.00 HP Smart Tank 7305 All-in-One Printer - Color Inkjet - 3 Years of Ink Included (Copy,",https://www.i-bidder.com/en-gb/auction-catalogues/coreva/catalogue-id-coreva11297/lot-93fc5223-0325-4694-8fbc-b28200c31a96,
Maytag MTD09WH/1 Tumble Dryer,https://www.i-bidder.com/en-gb/auction-catalogues/eddisons/catalogue-id-eddiso12232/lot-c5450947-1871-4daa-8658-b27b00b44ce8,
DG60FAK LAND ROVERDISCOVERY 4 DIESEL SW - 3.0 TDV6 XS 5dr Auto First Registered: 08/09/2010. MOT,https://www.i-bidder.com/en-gb/auction-catalogues/supremeauctions/catalogue-id-suprem14850/lot-29132fbb-9f47-447a-9b95-b27a0108b755,
"Beldray BEL0820 Ultra Ceramic Steam Iron with Dual Soleplate Technology, 3100 W, 300 ml,. - BW.",https://www.i-bidder.com/en-gb/auction-catalogues/supremeauctions/catalogue-id-suprem14914/lot-fa36c08a-a43c-43a7-92a4-b27a01071125,
"BRAND NEW Zebra DS2208 Corded Handheld 1D/2D Imager Barcode Scanner RRP £129, 2D barcodes have",https://www.i-bidder.com/en-gb/auction-catalogues/supremeauctions/catalogue-id-suprem14924/lot-f2228b65-bdfc-48c2-b563-b27a0176061a,
"RRP £159.00 Somfy 9028474 - Connectivity Module - To connect the V350, V500 or V500 PRO io interco",https://www.i-bidder.com/en-gb/auction-catalogues/coreva/catalogue-id-coreva11298/lot-f398e54c-1024-425e-a5b3-b28300ea3e1e,
RRP £292.00 Thrustmaster T248 Racing Wheel Force Feedback and Magnetic Pedals - PS5 / PS4 / PC,https://www.i-bidder.com/en-gb/auction-catalogues/coreva/catalogue-id-coreva11297/lot-1bf206c1-fec6-4bfd-8f54-b28200c31b02,
Auctions from Supreme Auctions,https://www.i-bidder.com/en-gb/auction-catalogues/supremeauctions,
Apple iMac 27” 5K (2019) OS Sonoma Intel Core i9-9900K (8 Core) 24GB DDR4 500GB SSD Office,https://www.i-bidder.com/en-gb/auction-catalogues/william-george-auctions/catalogue-id-wi416217/lot-1c37ec26-ae73-489b-ba05-b27400da706c,
GoPro Extension Pole Waterproof Shutter Remote,https://www.i-bidder.com/en-gb/auction-catalogues/vfauctions/catalogue-id-vf-auc10599/lot-3f4d0d7b-69b6-4060-8095-b27b00a3917e,
Dell Latitude 5175 Windows 11 Pro 10.8” Intel m5-6Y57 4GB DDR4 128GB SSD HDMI Webcam Office,https://www.i-bidder.com/en-gb/auction-catalogues/william-george-auctions/catalogue-id-wi416217/lot-032ccfcf-fde1-43f2-b846-b27400da87db,
GoPro Extension Pole + Waterproof Shutter Remote,https://www.i-bidder.com/en-gb/auction-catalogues/vfauctions/catalogue-id-vf-auc10601/lot-7804d7d4-f77e-48b1-96cd-b28100f34fe5,
WHITE LEATHER BEDSIDE WITH BUILT IN RECHARGEABLE POP UP BLUETOOTH SPEAKER,https://www.i-bidder.com/en-gb/auction-catalogues/eamagroup/catalogue-id-eama-g10626/lot-0bf7f737-ec9e-4b7b-a201-b27d018928e6,
RRP £125.00 Apple AirPods with wired charging case,https://www.i-bidder.com/en-gb/auction-catalogues/coreva/catalogue-id-coreva11287/lot-997db95c-e799-4ade-b4e1-b27400f7c743,
Microsoft Surface Pro 7 Windows 11 Intel Core i5-1035G4 16GB DDR4 256GB SSD Webcam WiFi,https://www.i-bidder.com/en-gb/auction-catalogues/william-george-auctions/catalogue-id-wi416217/lot-901803d6-724d-40c7-bb10-b27400da38b5,
PALLET TO INCLUDE 100 X BRAND NEW Zebra DS2208 Corded Handheld 1D/2D Imager Barcode Scanner RRP £,https://www.i-bidder.com/en-gb/auction-catalogues/supremeauctions/catalogue-id-suprem14924/lot-940ea737-1596-4369-a8b9-b27a01760619,
"RRP £139.00 Samsung Galaxy Buds2 Wireless Earphones, Graphite (UK Version)",https://www.i-bidder.com/en-gb/auction-catalogues/coreva/catalogue-id-coreva11295/lot-b519709c-aa08-4ea0-87aa-b28200ec39b8,
Hisense RS694N4ICF Freestanding American Side-by-Side Fridge Freezer - Total No Frost - Plumbed,https://www.i-bidder.com/en-gb/auction-catalogues/supremeauctions/catalogue-id-suprem14888/lot-b08b6c6f-0db6-49c8-855f-b27500e1e429,
HARMIN MODERN 160CM TV STAND CABINET UNIT WITH HIGH GLOSS DOORS (BLACK ON BLACK),https://www.i-bidder.com/en-gb/auction-catalogues/eamagroup/catalogue-id-eama-g10626/lot-17e8c1a2-b704-4f96-8087-b27d0187fd2f,
Makita MR007GZ 230V 12/18/40V DAB+ / FM Bluetooth Site Radio. - R13.9.,https://www.i-bidder.com/en-gb/auction-catalogues/supremeauctions/catalogue-id-suprem14917/lot-f73a84e2-f4af-405c-bede-b27d010a6aa5,
BLACK LEATHER BEDSIDE WITH BUILT IN RECHARGEABLE POP UP BLUETOOTH SPEAKER,https://www.i-bidder.com/en-gb/auction-catalogues/eamagroup/catalogue-id-eama-g10626/lot-c953c924-c0dd-4d61-b566-b27d01890ee8,
"RRP £256.00 Bosch BCH3P255 Flexxo Series I 4 Vacuum Cleaner Rechargeable 2-in-1 25.2 V, Autonomy U",https://www.i-bidder.com/en-gb/auction-catalogues/coreva/catalogue-id-coreva11295/lot-4d4000cd-da14-4c76-8531-b28200ec3806,
WHITE LEATHER BEDSIDE WITH BUILT IN RECHARGEABLE POP UP BLUETOOTH SPEAKER,https://www.i-bidder.com/en-gb/auction-catalogues/eamagroup/catalogue-id-eama-g10626/lot-c8dd38a1-0c61-4e94-8ee9-b27d01893ae7,
"Large Pallet of High End Printers to include; Canon, HP and more in various models, May include XP-",https://www.i-bidder.com/en-gb/auction-catalogues/supremeauctions/catalogue-id-suprem14914/lot-d628722a-20cf-4624-9e3a-b27c008fcd9c,
"Large Pallet of BOXED High-End Kitchen & Appliances Stock – May Include: Air Fryers, Electric Cloths",https://www.i-bidder.com/en-gb/auction-catalogues/supremeauctions/catalogue-id-suprem14937/lot-9767d2d2-1546-40d1-9682-b27d00b06550,
"5 x Windows 10 Pro 10 Inch Tablet 4gb RAM, 60gb HD, 1.83ghz (Refurb) Incl Case Off",https://www.i-bidder.com/en-gb/auction-catalogues/william-george-auctions/catalogue-id-wi416226/lot-4c0715cc-5f2e-4745-9680-b27b00c7bf67,
RRP £69.00 Somfy 1870755 - Connectivity Kit | To control Somfy motors and lighting with a smartph,https://www.i-bidder.com/en-gb/auction-catalogues/coreva/catalogue-id-coreva11294/lot-ec13a691-f77a-4408-8845-b27d00d86da7,
"RRP £198.00 NAVISKAUTO Auto DVD Player 2 Headrests With 2 Headphones HDMI Input, Car TV for Kids 1",https://www.i-bidder.com/en-gb/auction-catalogues/coreva/catalogue-id-coreva11287/lot-a499459d-da7d-42bd-a578-b27400f7c561,
"Fridgemaster MQ79394ES Freestanding American 4 Door Fridge Freezer 427L, Total No Frost. - B/L.",https://www.i-bidder.com/en-gb/auction-catalogues/supremeauctions/catalogue-id-suprem14888/lot-5067d20b-cd93-4d98-8115-b27500e1e429,
Makita DHR202Z 2.9kg 18V Li-Ion LXT Cordless SDS Plus Rotary Hammer Drill. - R13.9.,https://www.i-bidder.com/en-gb/auction-catalogues/supremeauctions/catalogue-id-suprem14917/lot-168176a2-4287-4486-8802-b27d010a6aa5,
Bush CHT101DVD 100W 5.1 DVD,https://www.i-bidder.com/en-gb/auction-catalogues/coreva/catalogue-id-coreva11295/lot-ae986afc-193c-4ff1-96ef-b28200ec3d32,
BLACK LEATHER BEDSIDE WITH BUILT IN RECHARGEABLE POP UP BLUETOOTH SPEAKER,https://www.i-bidder.com/en-gb/auction-catalogues/eamagroup/catalogue-id-eama-g10626/lot-12c239ea-b3db-4135-8454-b27d01897a06,
BLACK LEATHER BEDSIDE WITH BUILT IN RECHARGEABLE POP UP BLUETOOTH SPEAKER,https://www.i-bidder.com/en-gb/auction-catalogues/eamagroup/catalogue-id-eama-g10626/lot-32d5f9d9-d216-4459-826a-b27d01896077,
"RRP £278.00 Bosch Cordless Vacuum Cleaner Athlet Ultimate BBH73260K, cordless handheld vacuum clea",https://www.i-bidder.com/en-gb/auction-catalogues/coreva/catalogue-id-coreva11296/lot-f0de387a-a962-49db-b7c3-b27d00d9c9e9,
"Morphy Richards Easy Steam 2400w Steam Generator Iron, 1.8Litre. Box damaged",https://www.i-bidder.com/en-gb/auction-catalogues/vfauctions/catalogue-id-vf-auc10601/lot-c2f98f10-fd43-46d2-895c-b28100f3af3f,
BLACK LEATHER BEDSIDE WITH BUILT IN RECHARGEABLE POP UP BLUETOOTH SPEAKER,https://www.i-bidder.com/en-gb/auction-catalogues/eamagroup/catalogue-id-eama-g10626/lot-5870f241-50cc-4289-b7b2-b27d018903e1,
Fridgemaster MQ79394EB American Fridge Freezer. - B/L. RRP £729.00. As it has a 427 litre,https://www.i-bidder.com/en-gb/auction-catalogues/supremeauctions/catalogue-id-suprem14888/lot-1bd2c340-8665-46bb-b71e-b27500e1e429,
3 x Beldray BEL0820PL Ultra Ceramic 3100W Steam Iron - Dual Soleplate Technology. - LEBR.,https://www.i-bidder.com/en-gb/auction-catalogues/supremeauctions/catalogue-id-suprem14965/lot-cbe7af76-659e-460d-9685-b2800106ef06,
WHITE LEATHER BEDSIDE WITH BUILT IN RECHARGEABLE POP UP BLUETOOTH SPEAKER,https://www.i-bidder.com/en-gb/auction-catalogues/eamagroup/catalogue-id-eama-g10626/lot-6cc2d479-724c-4c45-ba47-b27e0002c2a8,
Arri T5 Tungsten Light,https://www.i-bidder.com/en-gb/auction-catalogues/ncm/catalogue-id-ncm-au11115/lot-176e415f-88fd-4682-9c7a-b25d0114ad0c,
RRP £82.00 Microsoft Sculpt Ergonomic Keyboard (German QWERTZ-Layout),https://www.i-bidder.com/en-gb/auction-catalogues/coreva/catalogue-id-coreva11298/lot-1218ea45-ef50-42f3-b4c6-b28300ea4285,
"5 x Windows 10 Pro 10 Inch Tablet 4gb RAM, 60gb HD, 1.83ghz (Refurb) Incl Case Off",https://www.i-bidder.com/en-gb/auction-catalogues/william-george-auctions/catalogue-id-wi416226/lot-4c0715cc-5f2e-4745-9680-b27b00c7bf67,
"RRP £159.00 Somfy 9028474 - Connectivity Module - To connect the V350, V500 or V500 PRO io interco",https://www.i-bidder.com/en-gb/auction-catalogues/coreva/catalogue-id-coreva11298/lot-f398e54c-1024-425e-a5b3-b28300ea3e1e,
"RRP £189.00 Hama DAB Radio Internet Radio with CD Player & DAB+ DIR3510SCBTX (Digital Radio WLAN,",https://www.i-bidder.com/en-gb/auction-catalogues/coreva/catalogue-id-coreva11296/lot-d81e6aca-fcc9-4d14-859d-b27d00d9c8b4,
"RRP - £3710, 1 Pallet of Electronics & More By Beats, Emporia, Gigaset, Panasonic & More/1618-WQ",https://www.i-bidder.com/en-gb/auction-catalogues/william-george-auctions/catalogue-id-wi416207/lot-795a867a-74b4-4386-b4a4-b27c00e5b3bb,
"BRAND NEW Zebra DS2208 Corded Handheld 1D/2D Imager Barcode Scanner RRP £129, 2D barcodes have",https://www.i-bidder.com/en-gb/auction-catalogues/supremeauctions/catalogue-id-suprem14924/lot-a129aa21-6ae6-4e53-8bc7-b27a01760619,
RRP £213.00 Apple AirPods Pro (1. generation) with MagSafe charging case (2021),https://www.i-bidder.com/en-gb/auction-catalogues/coreva/catalogue-id-coreva11297/lot-b606a67e-75f1-4a45-8648-b28200c31cdc,
GoPro Extension Pole + Waterproof Shutter Remote,https://www.i-bidder.com/en-gb/auction-catalogues/vfauctions/catalogue-id-vf-auc10601/lot-7804d7d4-f77e-48b1-96cd-b28100f34fe5,
Sachtler Tripod with FSB 6 0407 Head,https://www.i-bidder.com/en-gb/auction-catalogues/ncm/catalogue-id-ncm-au11115/lot-9ed682e2-a6e0-4712-b332-b24f01106fa1,
William George Auctions,https://www.i-bidder.com/en-gb/auction-catalogues/william-george-auctions,
3 x Beldray BEL0820PL Ultra Ceramic 3100W Steam Iron - Dual Soleplate Technology. - LEBR.,https://www.i-bidder.com/en-gb/auction-catalogues/supremeauctions/catalogue-id-suprem14965/lot-cbe7af76-659e-460d-9685-b2800106ef06,
2400 X SILVER TELEPHONE CORD,https://www.i-bidder.com/en-gb/auction-catalogues/eamagroup/catalogue-id-eama-g10626/lot-7ab1e0f3-4655-47f6-9743-b27e005da2b6,
"1344 X 3D 12"" 'PETIT COQUIN' FOAM SIGN",https://www.i-bidder.com/en-gb/auction-catalogues/eamagroup/catalogue-id-eama-g10626/lot-1e2f3b86-ff29-40eb-856a-b27e0058013a,
Hisense RS694N4ICF Freestanding American Side-by-Side Fridge Freezer - Total No Frost - Plumbed,https://www.i-bidder.com/en-gb/auction-catalogues/supremeauctions/catalogue-id-suprem14888/lot-b08b6c6f-0db6-49c8-855f-b27500e1e429,
"Item has been withdrawn, apologies for any inconvenience",https://www.i-bidder.com/en-gb/auction-catalogues/william-george-auctions/catalogue-id-wi416207/lot-b27847f4-e1f8-4c31-a7dd-b27c00e60ab9,
"Large Pallet of UNBOXED High-End Kitchen & Appliances Stock – May Include: Air Fryers, Electric",https://www.i-bidder.com/en-gb/auction-catalogues/supremeauctions/catalogue-id-suprem14937/lot-eb45f2d4-1ed0-4f0e-8c86-b27d00b06550,
100 X DESKTOP TELEPHONE,https://www.i-bidder.com/en-gb/auction-catalogues/eamagroup/catalogue-id-eama-g10626/lot-d3c3dc74-f97d-434a-b7a8-b27e004ff29c,
"Large Pallet of BOXED High-End Kitchen & Appliances Stock – May Include: Air Fryers, Electric Cloths",https://www.i-bidder.com/en-gb/auction-catalogues/supremeauctions/catalogue-id-suprem14937/lot-9767d2d2-1546-40d1-9682-b27d00b06550,
"BRAND NEW Zebra DS2208 Corded Handheld 1D/2D Imager Barcode Scanner RRP £129, 2D barcodes have",https://www.i-bidder.com/en-gb/auction-catalogues/supremeauctions/catalogue-id-suprem14924/lot-f2228b65-bdfc-48c2-b563-b27a0176061a,
Fridgemaster MQ79394EB American Fridge Freezer. - B/L. RRP £729.00. As it has a 427 litre,https://www.i-bidder.com/en-gb/auction-catalogues/supremeauctions/catalogue-id-suprem14888/lot-1bd2c340-8665-46bb-b71e-b27500e1e429,
GoPro Extension Pole Waterproof Shutter Remote,https://www.i-bidder.com/en-gb/auction-catalogues/vfauctions/catalogue-id-vf-auc10599/lot-3f4d0d7b-69b6-4060-8095-b27b00a3917e,
1000 X SILVER ROUNDED SMARTPHONE STYLUS,https://www.i-bidder.com/en-gb/auction-catalogues/eamagroup/catalogue-id-eama-g10626/lot-51873bc9-55db-4abe-bff7-b27e0057fc3d,
RRP £84.00 SCS Sentinel Wired Video Intercom Prim'VisioFirst 4.3 PVF0050 White,https://www.i-bidder.com/en-gb/auction-catalogues/coreva/catalogue-id-coreva11294/lot-07063bb6-905c-42b7-8094-b27d00d86aa6,
"20 X BRAND NEW Zebra DS2208 Corded Handheld 1D/2D Imager Barcode Scanner RRP £129, 2D barcodes",https://www.i-bidder.com/en-gb/auction-catalogues/supremeauctions/catalogue-id-suprem14924/lot-23a732b9-5b94-40df-88c0-b27a01760619,
"768 X 3D 12"" 'GO GREEN' FOAM SIGN",https://www.i-bidder.com/en-gb/auction-catalogues/eamagroup/catalogue-id-eama-g10626/lot-8a676c15-26de-4614-87de-b27e00581528,
Lenovo Ideapad 330S Windows 11 15.6” AMD Ryzen 3 4GB DDR4 1TB HD Radeon Vega HDMI Webcam,https://www.i-bidder.com/en-gb/auction-catalogues/william-george-auctions/catalogue-id-wi416217/lot-918c5adc-c2b4-4904-80f2-b27400da9354,
3200 X CAMCORDER TAPE HOLDER- ASSTD CLRS,https://www.i-bidder.com/en-gb/auction-catalogues/eamagroup/catalogue-id-eama-g10626/lot-f231d105-4cca-4ae9-abdb-b27e00576d6a,
"Refurbished Boxed Hisense 2.1 CH 240W Soundbar HS2100 - DTS Virtual X, Subwoofer, HDMI ARC,",https://www.i-bidder.com/en-gb/auction-catalogues/supremeauctions/catalogue-id-suprem14954/lot-134ddf2f-e1fd-4348-ab1e-b27f015d84d8,
"RRP £198.00 NAVISKAUTO Auto DVD Player 2 Headrests With 2 Headphones HDMI Input, Car TV for Kids 1",https://www.i-bidder.com/en-gb/auction-catalogues/coreva/catalogue-id-coreva11287/lot-a499459d-da7d-42bd-a578-b27400f7c561,
Job Lot 25 x Ideal of Sweden Apple & Samsung High Quality Mobile Phone Clutch Bags RRP £1000,https://www.i-bidder.com/en-gb/auction-catalogues/william-george-auctions/catalogue-id-wi416231/lot-1d929554-faa4-4dea-ae69-b28300a0c863,
"20 X BRAND NEW Zebra DS2208 Corded Handheld 1D/2D Imager Barcode Scanner RRP £129, 2D barcodes",https://www.i-bidder.com/en-gb/auction-catalogues/supremeauctions/catalogue-id-suprem14924/lot-94d1e903-f123-42b6-910f-b27a01760619,
Canon EFS 18-135mm Camera Lens,https://www.i-bidder.com/en-gb/auction-catalogues/ncm/catalogue-id-ncm-au11115/lot-fbb239a1-5b53-416b-ae00-b24f01105a52,
PALLET TO INCLUDE 100 X BRAND NEW Zebra DS2208 Corded Handheld 1D/2D Imager Barcode Scanner RRP £,https://www.i-bidder.com/en-gb/auction-catalogues/supremeauctions/catalogue-id-suprem14924/lot-940ea737-1596-4369-a8b9-b27a01760619,
"20,000 LABELS 50MM X 25MM 2X1 INCH WHITE THERMAL DIRECT ZEBRA PRINTER LABELS 20 X 1000 PER ROLL",https://www.i-bidder.com/en-gb/auction-catalogues/eamagroup/catalogue-id-eama-g10626/lot-77ce68ad-c20b-4781-83f9-b27e0133db8c,
Makita MR007GZ 230V 12/18/40V DAB+ / FM Bluetooth Site Radio. - R13.9.,https://www.i-bidder.com/en-gb/auction-catalogues/supremeauctions/catalogue-id-suprem14917/lot-f73a84e2-f4af-405c-bede-b27d010a6aa5,
"Large Pallet of High End Printers to include; Canon, HP and more in various models, May include XP-",https://www.i-bidder.com/en-gb/auction-catalogues/supremeauctions/catalogue-id-suprem14914/lot-d628722a-20cf-4624-9e3a-b27c008fcd9c,
RRP £159.00 Apple AirPods (3rd Generation) with Lightning Charging Case (2022),https://www.i-bidder.com/en-gb/auction-catalogues/coreva/catalogue-id-coreva11296/lot-03626e40-bd28-4f0e-8797-b27d00d9cf51,
"RRP £256.00 Bosch BCH3P255 Flexxo Series I 4 Vacuum Cleaner Rechargeable 2-in-1 25.2 V, Autonomy U",https://www.i-bidder.com/en-gb/auction-catalogues/coreva/catalogue-id-coreva11295/lot-4d4000cd-da14-4c76-8531-b28200ec3806,
"RRP £283.00 Electrolux Pure Q9, Cordless Stick Vacuum Cleaner, 2-in-1, Lightweight and Powerful, L",https://www.i-bidder.com/en-gb/auction-catalogues/coreva/catalogue-id-coreva11287/lot-58f03e68-ab36-4aa4-8246-b27400f7c3c9,
"Refurbished Boxed Hisense Soundbar HS3100-6-speaker surround sound system, 480W Total Output Power,",https://www.i-bidder.com/en-gb/auction-catalogues/supremeauctions/catalogue-id-suprem14954/lot-b3700765-bc6e-46dd-bd43-b27f015d84d8,
Gobox VL300 LED Video Light,https://www.i-bidder.com/en-gb/auction-catalogues/ncm/catalogue-id-ncm-au11115/lot-3e62100b-2a58-4daf-a58b-b24f01105ac7,
Refurbished Boxed Hisense AX5125H 5.1.2 Channel 500W Dolby Atmos Soundbar with wireless subwoofer,https://www.i-bidder.com/en-gb/auction-catalogues/supremeauctions/catalogue-id-suprem14954/lot-9c2fc415-a8b5-4aa5-b99e-b27f015d84d8,
"RRP £141.00 House of Marley Stir It Up Record Player (non-Bluetooth)  Vinyl Turntable, Stereo P",https://www.i-bidder.com/en-gb/auction-catalogues/coreva/catalogue-id-coreva11296/lot-8738e081-6106-4723-8fa5-b27d00d9d518,
EAMA Group Auctions,https://www.i-bidder.com/en-gb/auction-catalogues/eamagroup,
RRP £456.00 APC by Schneider Electric Energy-Saving UPS PRO - BR1500GI - Uninterruptible Power Sup,https://www.i-bidder.com/en-gb/auction-catalogues/coreva/catalogue-id-coreva11297/lot-0cf01e6d-3517-445e-b52a-b28200c319c4,
"768 X 3D 12"" 'TWILIGHT' FOAM SIGN",https://www.i-bidder.com/en-gb/auction-catalogues/eamagroup/catalogue-id-eama-g10626/lot-6c72e9a8-835b-4be4-b9f0-b27e0057453f,
"1536 X 3D 12"" 'REVES' FOAM SIGN",https://www.i-bidder.com/en-gb/auction-catalogues/eamagroup/catalogue-id-eama-g10626/lot-ce555e4c-b1f6-44c9-858d-b27e004ffce5,
10 X BRAND NEW HARMIN MODERN 160CM TV STAND CABINET UNIT WITH HIGH GLOSS DOORS (WHITE ON OAK),https://www.i-bidder.com/en-gb/auction-catalogues/eamagroup/catalogue-id-eama-g10626/lot-fbe16c2d-856c-40e2-b68c-b27e01789945,
"HISENSE PureFlat Infinite RS818N4IIE American-Style Smart Fridge Freezer. - B/L. RRP £1,359.00.",https://www.i-bidder.com/en-gb/auction-catalogues/supremeauctions/catalogue-id-suprem14888/lot-4334955c-0036-4777-8840-b27500e1e429,
Dimplex Optimyst 2000W Matt Black Cast iron effect Electric Stove. - PWBW.,https://www.i-bidder.com/en-gb/auction-catalogues/supremeauctions/catalogue-id-suprem14935/lot-687b6302-f1fd-4120-a07a-b28201023ca3,
Apple iMac 27” 5K (2019) OS Sonoma Intel Core i9-9900K (8 Core) 24GB DDR4 500GB SSD Office,https://www.i-bidder.com/en-gb/auction-catalogues/william-george-auctions/catalogue-id-wi416217/lot-1c37ec26-ae73-489b-ba05-b27400da706c,
Auctions from NCM Auctions,https://www.i-bidder.com/en-gb/auction-catalogues/ncm,
Job Lot 25 x Ideal of Sweden Apple & Samsung High Quality Mobile Phone Clutch Bags RRP £1500,https://www.i-bidder.com/en-gb/auction-catalogues/william-george-auctions/catalogue-id-wi416231/lot-57544755-5677-45fd-b2c3-b28300a0d537,
SteelSeries Arctis 1 - Compatible with all platforms - Detachable ClearCast microphone,https://www.i-bidder.com/en-gb/auction-catalogues/coreva/catalogue-id-coreva11291/lot-66493f24-2c4c-4ab8-a0de-b27d00d295a4,
"RRP £138.00 Robot vacuum cleaner, floor cleaner, laser navigation, with app, black, VG RVC 3002 BK",https://www.i-bidder.com/en-gb/auction-catalogues/coreva/catalogue-id-coreva11287/lot-d3570224-5648-43f6-b10e-b27400f7c4fb,
"RRP £209.00 Toshiba Smart TV 32"" Full HD 32LK3C63DA, 32-Inch TV with Integrated Alexa, Compatible",https://www.i-bidder.com/en-gb/auction-catalogues/coreva/catalogue-id-coreva11296/lot-1e23c34a-1b0b-457d-9c18-b27d00d9d09c,
"Large Pallet of High End Printers to include; Canon, HP and more in various models, May include XP-",https://www.i-bidder.com/en-gb/auction-catalogues/supremeauctions/catalogue-id-suprem14914/lot-8de9a581-1a15-4bd4-9386-b27c008fcd9c,
"2 x BLACK+DECKER | Wallpaper Steamer Stripper with Pad, 2400 W. - EBRF",https://www.i-bidder.com/en-gb/auction-catalogues/supremeauctions/catalogue-id-suprem14914/lot-3d621980-6f15-46cf-9fb3-b27a01071118,
"RRP £3085.00 1 Pallet of Electronics & More By Gigaset, Hd, Jbl, Panasonic & more/1558-TL",https://www.i-bidder.com/en-gb/auction-catalogues/coreva/catalogue-id-coreva11293/lot-0a2c9bef-73e3-4840-b5d1-b28300e5605d,
"RRP £60.00 DeLonghi Nescafé Dolce Gusto Infinissima Pod Capsule Coffee Machine, Espresso, Cappuc",https://www.i-bidder.com/en-gb/auction-catalogues/coreva/catalogue-id-coreva11288/lot-78f21bab-e390-4c81-ba06-b27d00b74736,
RRP £287.00 CORSAIR K100 AIR WIRELESS RGB Ultra-Thin Mechanical Gaming Keyboard - CHERRY MX Low Pr,https://www.i-bidder.com/en-gb/auction-catalogues/coreva/catalogue-id-coreva11296/lot-622d0a1a-364c-4b71-8e00-b27d00d9cc02,
"RRP £139.00 Samsung Galaxy Buds2 Wireless Earphones, Graphite (UK Version)",https://www.i-bidder.com/en-gb/auction-catalogues/coreva/catalogue-id-coreva11295/lot-b519709c-aa08-4ea0-87aa-b28200ec39b8,
"768 X 3D 12"" 'GO GREEN' FOAM SIGN",https://www.i-bidder.com/en-gb/auction-catalogues/eamagroup/catalogue-id-eama-g10626/lot-b215a42a-2eee-4e2f-b213-b27e00580b54,
PALLET TO INCLUDE 100 X BRAND NEW Zebra DS2208 Corded Handheld 1D/2D Imager Barcode Scanner RRP £,https://www.i-bidder.com/en-gb/auction-catalogues/supremeauctions/catalogue-id-suprem14924/lot-bac32929-7074-43b7-8967-b27a01760618,
Prolectrix model SB719640 Vinyl/Cd/Cassette Player,https://www.i-bidder.com/en-gb/auction-catalogues/coreva/catalogue-id-coreva11291/lot-aa2c1e05-9e7e-4025-be6f-b27d00d2849d,
"RRP £123.00 Jabra Pro 920 and Pro 930 Replacement Mono DECT Headset (without wearing option), Blac",https://www.i-bidder.com/en-gb/auction-catalogues/coreva/catalogue-id-coreva11286/lot-0a5babe7-1be8-41f7-89ca-b27400f96267,
Bose Acoustimass Subwoofer PS3-2-1,https://www.i-bidder.com/en-gb/auction-catalogues/coreva/catalogue-id-coreva11287/lot-45a8703a-2ba0-45c2-8134-b27400f7c690,
Bush CHT101DVD 100W 5.1 DVD,https://www.i-bidder.com/en-gb/auction-catalogues/coreva/catalogue-id-coreva11295/lot-ae986afc-193c-4ff1-96ef-b28200ec3d32,
"768 X 3D 12"" 'TTYL' FOAM SIGN",https://www.i-bidder.com/en-gb/auction-catalogues/eamagroup/catalogue-id-eama-g10626/lot-94dfb184-2fb3-4e8b-8329-b27e00553d56,
Salter Aspen 1300W Stand Mixer. - LEBR.,https://www.i-bidder.com/en-gb/auction-catalogues/supremeauctions/catalogue-id-suprem14965/lot-3b1c4930-8c5e-4c72-9ff4-b2800106ef0b,
"Large Pallet of High End Printers to include; Canon, HP and more in various models, May include XP-",https://www.i-bidder.com/en-gb/auction-catalogues/supremeauctions/catalogue-id-suprem14914/lot-bf0756cb-20d2-4fb0-8c89-b27c008fcd9c,
"PALLET TO INCLUDE 50 X BRAND NEW Zebra DS2208 Corded Handheld 1D/2D Imager Barcode Scanner RRP £129,",https://www.i-bidder.com/en-gb/auction-catalogues/supremeauctions/catalogue-id-suprem14924/lot-c412402c-bcdc-41fb-aeff-b27a01760619,
Job Lot 25 x Ideal of Sweden Apple & Samsung High Quality Mobile Phone Cases RRP £750,https://www.i-bidder.com/en-gb/auction-catalogues/william-george-auctions/catalogue-id-wi416231/lot-24b736c4-00cc-4437-9667-b28300a0c48b,
Job Lot 100 x Ideal of Sweden Apple & Samsung High Quality Mobile Phone Cases RRP £3000,https://www.i-bidder.com/en-gb/auction-catalogues/william-george-auctions/catalogue-id-wi416231/lot-f39c1abe-dc5f-4145-bace-b28300a0e902,
HARMIN MODERN 160CM TV STAND CABINET UNIT WITH HIGH GLOSS DOORS (BLACK ON BLACK),https://www.i-bidder.com/en-gb/auction-catalogues/eamagroup/catalogue-id-eama-g10626/lot-22881c9b-c2d7-4bc0-bed9-b27e016da863,
RRP £75.00 Jabra Elite Active 65t - True Wireless In-Ear Sports Headphones with Passive Noise Can,https://www.i-bidder.com/en-gb/auction-catalogues/coreva/catalogue-id-coreva11292/lot-52a1db6c-721f-4743-970d-b27d00d5fd29,
"RRP £279.00 HP LaserJet Neverstop 1202nw 5HG93A, A4 Multifunction Printer with Quick Refill Toner",https://www.i-bidder.com/en-gb/auction-catalogues/coreva/catalogue-id-coreva11296/lot-11973ae9-fc24-4708-8293-b27d00d9cab8,
"Beldray BEL0820 Ultra Ceramic Steam Iron with Dual Soleplate Technology, 3100 W, 300 ml,. - BW.",https://www.i-bidder.com/en-gb/auction-catalogues/supremeauctions/catalogue-id-suprem14914/lot-fa36c08a-a43c-43a7-92a4-b27a01071125,
RRP £125.00 Apple AirPods with wired charging case,https://www.i-bidder.com/en-gb/auction-catalogues/coreva/catalogue-id-coreva11287/lot-997db95c-e799-4ade-b4e1-b27400f7c743,
Refurbished Boxed Hisense AX5100G 5.1 Channel 340W Dobly Atmos Soundbar with Wireless Subwoofer. -,https://www.i-bidder.com/en-gb/auction-catalogues/supremeauctions/catalogue-id-suprem14954/lot-e8964b14-7070-4453-a85f-b27f015d84d8,
Refurbished Boxed Trade Lot 5 x HISENSE HS214 2.1 All-in-one Sound Bar. RRP £199 each. (ROW5.5).,https://www.i-bidder.com/en-gb/auction-catalogues/supremeauctions/catalogue-id-suprem14954/lot-5195659d-43d5-4b33-9499-b27f015d84d8,
Beko QBSE222X Built-in Multifunction Oven. - R9BW. RRP £329.00.,https://www.i-bidder.com/en-gb/auction-catalogues/supremeauctions/catalogue-id-suprem14935/lot-7f0e2fb8-68eb-4b64-9df3-b28201023cad,
"RRP £277.00 HP Smart Tank 7305 All-in-One Printer - Color Inkjet - 3 Years of Ink Included (Copy,",https://www.i-bidder.com/en-gb/auction-catalogues/coreva/catalogue-id-coreva11297/lot-93fc5223-0325-4694-8fbc-b28200c31a96,
"20 X BRAND NEW Zebra DS2208 Corded Handheld 1D/2D Imager Barcode Scanner RRP £129, 2D barcodes",https://www.i-bidder.com/en-gb/auction-catalogues/supremeauctions/catalogue-id-suprem14924/lot-eb29f64c-c2da-46c4-8a52-b27a01760619,
"HISENSE PureFlat RF540N4WFE Fridge Freezer. - B/L. RRP £1,299.00. Tired of always having to",https://www.i-bidder.com/en-gb/auction-catalogues/supremeauctions/catalogue-id-suprem14888/lot-37e5b9a9-8a49-41b0-a115-b27500e1e429,
"Tower T17039 Xpress Pro 5-in-1 Digital Air Fryer Oven with Rapid Air Circulation, 60-Minute Timer,",https://www.i-bidder.com/en-gb/auction-catalogues/supremeauctions/catalogue-id-suprem14914/lot-d7f32093-def7-4e54-b93e-b27a01071118,
"Large Pallet of BOXED High-End Kitchen & Appliances Stock – May Include: Air Fryers, Electric Cloths",https://www.i-bidder.com/en-gb/auction-catalogues/supremeauctions/catalogue-id-suprem14937/lot-2d3af175-1f73-4c7c-8e74-b27d00b06550,
"RRP - £3100, 1 Pallet of Electronics & More By Nintendo, Logitech, Panasonic & More/1558-TL",https://www.i-bidder.com/en-gb/auction-catalogues/william-george-auctions/catalogue-id-wi416207/lot-470be0f1-bb55-4fe2-a121-b27c00e5b226,
"20,000 LABELS 50MM X 25MM 2X1 INCH WHITE THERMAL DIRECT ZEBRA PRINTER LABELS 20 X 1000 PER ROLL",https://www.i-bidder.com/en-gb/auction-catalogues/eamagroup/catalogue-id-eama-g10626/lot-080d9d8b-2fff-4dbc-b396-b27e0133d53a,
Job Lot 50 x Ideal of Sweden Apple & Samsung High Quality Mobile Phone Cases RRP £1500,https://www.i-bidder.com/en-gb/auction-catalogues/william-george-auctions/catalogue-id-wi416231/lot-f6e3730d-41b6-4426-b868-b28300a105e5,
RRP £292.00 Thrustmaster T248 Racing Wheel Force Feedback and Magnetic Pedals - PS5 / PS4 / PC,https://www.i-bidder.com/en-gb/auction-catalogues/coreva/catalogue-id-coreva11297/lot-1bf206c1-fec6-4bfd-8f54-b28200c31b02,
"768 X 3D 12"" 'TWILIGHT' FOAM SIGN",https://www.i-bidder.com/en-gb/auction-catalogues/eamagroup/catalogue-id-eama-g10626/lot-5b6c2346-dc2f-41d9-ad01-b27e00555666,
"PALLET TO INCLUDE 50 X BRAND NEW Zebra DS2208 Corded Handheld 1D/2D Imager Barcode Scanner RRP £129,",https://www.i-bidder.com/en-gb/auction-catalogues/supremeauctions/catalogue-id-suprem14924/lot-ade3482b-fd08-4a2f-8cdc-b27a01760619,
Rangemaster RDXD18SS/C French Style Fridge Freezer Non Ice & Water – STAINLESS STEEL. - B/L. RRP £,https://www.i-bidder.com/en-gb/auction-catalogues/supremeauctions/catalogue-id-suprem14888/lot-ad48bb24-0915-44d8-abd4-b27500e1e429,
1350 X CAMCORDER TAPE HOLDER- ASSTD CLRS,https://www.i-bidder.com/en-gb/auction-catalogues/eamagroup/catalogue-id-eama-g10626/lot-8545ca93-abd5-4373-b2f4-b27e00555183,
"768 X 3D 12"" 'TTYL' FOAM SIGN",https://www.i-bidder.com/en-gb/auction-catalogues/eamagroup/catalogue-id-eama-g10626/lot-09c26c64-65b7-4c22-aa76-b27e005d846e,
"HISENSE 55A6GTUK (55 Inch) UNBOXED 4K UHD Smart TV, with Dolby Vision HDR, DTS Virtual X, Youtube,",https://www.i-bidder.com/en-gb/auction-catalogues/supremeauctions/catalogue-id-suprem14721/lot-65574e68-d927-49fe-829f-b282008541c9,
Auctions from Alexander Aurelius Auctioneers,https://www.i-bidder.com/en-gb/auction-catalogues/coreva,
"Large Pallet of High End Printers to include; Canon, HP and more in various models, May include XP-",https://www.i-bidder.com/en-gb/auction-catalogues/supremeauctions/catalogue-id-suprem14914/lot-5d1d6316-a2c8-4e8e-b766-b27c008fcda1,
DG60FAK LAND ROVERDISCOVERY 4 DIESEL SW - 3.0 TDV6 XS 5dr Auto First Registered: 08/09/2010. MOT,https://www.i-bidder.com/en-gb/auction-catalogues/supremeauctions/catalogue-id-suprem14850/lot-29132fbb-9f47-447a-9b95-b27a0108b755,
RRP £82.00 Microsoft Sculpt Ergonomic Keyboard (German QWERTZ-Layout),https://www.i-bidder.com/en-gb/auction-catalogues/coreva/catalogue-id-coreva11298/lot-1218ea45-ef50-42f3-b4c6-b28300ea4285,
"5 x Windows 10 Pro 10 Inch Tablet 4gb RAM, 60gb HD, 1.83ghz (Refurb) Incl Case Off",https://www.i-bidder.com/en-gb/auction-catalogues/william-george-auctions/catalogue-id-wi416226/lot-4c0715cc-5f2e-4745-9680-b27b00c7bf67,
"RRP £159.00 Somfy 9028474 - Connectivity Module - To connect the V350, V500 or V500 PRO io interco",https://www.i-bidder.com/en-gb/auction-catalogues/coreva/catalogue-id-coreva11298/lot-f398e54c-1024-425e-a5b3-b28300ea3e1e,
"RRP £189.00 Hama DAB Radio Internet Radio with CD Player & DAB+ DIR3510SCBTX (Digital Radio WLAN,",https://www.i-bidder.com/en-gb/auction-catalogues/coreva/catalogue-id-coreva11296/lot-d81e6aca-fcc9-4d14-859d-b27d00d9c8b4,
"RRP - £3710, 1 Pallet of Electronics & More By Beats, Emporia, Gigaset, Panasonic & More/1618-WQ",https://www.i-bidder.com/en-gb/auction-catalogues/william-george-auctions/catalogue-id-wi416207/lot-795a867a-74b4-4386-b4a4-b27c00e5b3bb,
"BRAND NEW Zebra DS2208 Corded Handheld 1D/2D Imager Barcode Scanner RRP £129, 2D barcodes have",https://www.i-bidder.com/en-gb/auction-catalogues/supremeauctions/catalogue-id-suprem14924/lot-a129aa21-6ae6-4e53-8bc7-b27a01760619,
RRP £213.00 Apple AirPods Pro (1. generation) with MagSafe charging case (2021),https://www.i-bidder.com/en-gb/auction-catalogues/coreva/catalogue-id-coreva11297/lot-b606a67e-75f1-4a45-8648-b28200c31cdc,
GoPro Extension Pole + Waterproof Shutter Remote,https://www.i-bidder.com/en-gb/auction-catalogues/vfauctions/catalogue-id-vf-auc10601/lot-7804d7d4-f77e-48b1-96cd-b28100f34fe5,
Sachtler Tripod with FSB 6 0407 Head,https://www.i-bidder.com/en-gb/auction-catalogues/ncm/catalogue-id-ncm-au11115/lot-9ed682e2-a6e0-4712-b332-b24f01106fa1,
William George Auctions,https://www.i-bidder.com/en-gb/auction-catalogues/william-george-auctions,
3 x Beldray BEL0820PL Ultra Ceramic 3100W Steam Iron - Dual Soleplate Technology. - LEBR.,https://www.i-bidder.com/en-gb/auction-catalogues/supremeauctions/catalogue-id-suprem14965/lot-cbe7af76-659e-460d-9685-b2800106ef06,
2400 X SILVER TELEPHONE CORD,https://www.i-bidder.com/en-gb/auction-catalogues/eamagroup/catalogue-id-eama-g10626/lot-7ab1e0f3-4655-47f6-9743-b27e005da2b6,
"1344 X 3D 12"" 'PETIT COQUIN' FOAM SIGN",https://www.i-bidder.com/en-gb/auction-catalogues/eamagroup/catalogue-id-eama-g10626/lot-1e2f3b86-ff29-40eb-856a-b27e0058013a,
Hisense RS694N4ICF Freestanding American Side-by-Side Fridge Freezer - Total No Frost - Plumbed,https://www.i-bidder.com/en-gb/auction-catalogues/supremeauctions/catalogue-id-suprem14888/lot-b08b6c6f-0db6-49c8-855f-b27500e1e429,
"Item has been withdrawn, apologies for any inconvenience",https://www.i-bidder.com/en-gb/auction-catalogues/william-george-auctions/catalogue-id-wi416207/lot-b27847f4-e1f8-4c31-a7dd-b27c00e60ab9,
"Large Pallet of UNBOXED High-End Kitchen & Appliances Stock – May Include: Air Fryers, Electric",https://www.i-bidder.com/en-gb/auction-catalogues/supremeauctions/catalogue-id-suprem14937/lot-eb45f2d4-1ed0-4f0e-8c86-b27d00b06550,
100 X DESKTOP TELEPHONE,https://www.i-bidder.com/en-gb/auction-catalogues/eamagroup/catalogue-id-eama-g10626/lot-d3c3dc74-f97d-434a-b7a8-b27e004ff29c,
"Large Pallet of BOXED High-End Kitchen & Appliances Stock – May Include: Air Fryers, Electric Cloths",https://www.i-bidder.com/en-gb/auction-catalogues/supremeauctions/catalogue-id-suprem14937/lot-9767d2d2-1546-40d1-9682-b27d00b06550,
"BRAND NEW Zebra DS2208 Corded Handheld 1D/2D Imager Barcode Scanner RRP £129, 2D barcodes have",https://www.i-bidder.com/en-gb/auction-catalogues/supremeauctions/catalogue-id-suprem14924/lot-f2228b65-bdfc-48c2-b563-b27a0176061a,
Fridgemaster MQ79394EB American Fridge Freezer. - B/L. RRP £729.00. As it has a 427 litre,https://www.i-bidder.com/en-gb/auction-catalogues/supremeauctions/catalogue-id-suprem14888/lot-1bd2c340-8665-46bb-b71e-b27500e1e429,
GoPro Extension Pole Waterproof Shutter Remote,https://www.i-bidder.com/en-gb/auction-catalogues/vfauctions/catalogue-id-vf-auc10599/lot-3f4d0d7b-69b6-4060-8095-b27b00a3917e,
1000 X SILVER ROUNDED SMARTPHONE STYLUS,https://www.i-bidder.com/en-gb/auction-catalogues/eamagroup/catalogue-id-eama-g10626/lot-51873bc9-55db-4abe-bff7-b27e0057fc3d,
RRP £84.00 SCS Sentinel Wired Video Intercom Prim'VisioFirst 4.3 PVF0050 White,https://www.i-bidder.com/en-gb/auction-catalogues/coreva/catalogue-id-coreva11294/lot-07063bb6-905c-42b7-8094-b27d00d86aa6,
"20 X BRAND NEW Zebra DS2208 Corded Handheld 1D/2D Imager Barcode Scanner RRP £129, 2D barcodes",https://www.i-bidder.com/en-gb/auction-catalogues/supremeauctions/catalogue-id-suprem14924/lot-23a732b9-5b94-40df-88c0-b27a01760619,
"768 X 3D 12"" 'GO GREEN' FOAM SIGN",https://www.i-bidder.com/en-gb/auction-catalogues/eamagroup/catalogue-id-eama-g10626/lot-8a676c15-26de-4614-87de-b27e00581528,
Lenovo Ideapad 330S Windows 11 15.6” AMD Ryzen 3 4GB DDR4 1TB HD Radeon Vega HDMI Webcam,https://www.i-bidder.com/en-gb/auction-catalogues/william-george-auctions/catalogue-id-wi416217/lot-918c5adc-c2b4-4904-80f2-b27400da9354,
3200 X CAMCORDER TAPE HOLDER- ASSTD CLRS,https://www.i-bidder.com/en-gb/auction-catalogues/eamagroup/catalogue-id-eama-g10626/lot-f231d105-4cca-4ae9-abdb-b27e00576d6a,
"Refurbished Boxed Hisense 2.1 CH 240W Soundbar HS2100 - DTS Virtual X, Subwoofer, HDMI ARC,",https://www.i-bidder.com/en-gb/auction-catalogues/supremeauctions/catalogue-id-suprem14954/lot-134ddf2f-e1fd-4348-ab1e-b27f015d84d8,
"RRP £198.00 NAVISKAUTO Auto DVD Player 2 Headrests With 2 Headphones HDMI Input, Car TV for Kids 1",https://www.i-bidder.com/en-gb/auction-catalogues/coreva/catalogue-id-coreva11287/lot-a499459d-da7d-42bd-a578-b27400f7c561,
Job Lot 25 x Ideal of Sweden Apple & Samsung High Quality Mobile Phone Clutch Bags RRP £1000,https://www.i-bidder.com/en-gb/auction-catalogues/william-george-auctions/catalogue-id-wi416231/lot-1d929554-faa4-4dea-ae69-b28300a0c863,
"20 X BRAND NEW Zebra DS2208 Corded Handheld 1D/2D Imager Barcode Scanner RRP £129, 2D barcodes",https://www.i-bidder.com/en-gb/auction-catalogues/supremeauctions/catalogue-id-suprem14924/lot-94d1e903-f123-42b6-910f-b27a01760619,
Canon EFS 18-135mm Camera Lens,https://www.i-bidder.com/en-gb/auction-catalogues/ncm/catalogue-id-ncm-au11115/lot-fbb239a1-5b53-416b-ae00-b24f01105a52,
PALLET TO INCLUDE 100 X BRAND NEW Zebra DS2208 Corded Handheld 1D/2D Imager Barcode Scanner RRP £,https://www.i-bidder.com/en-gb/auction-catalogues/supremeauctions/catalogue-id-suprem14924/lot-940ea737-1596-4369-a8b9-b27a01760619,
"20,000 LABELS 50MM X 25MM 2X1 INCH WHITE THERMAL DIRECT ZEBRA PRINTER LABELS 20 X 1000 PER ROLL",https://www.i-bidder.com/en-gb/auction-catalogues/eamagroup/catalogue-id-eama-g10626/lot-77ce68ad-c20b-4781-83f9-b27e0133db8c,
Makita MR007GZ 230V 12/18/40V DAB+ / FM Bluetooth Site Radio. - R13.9.,https://www.i-bidder.com/en-gb/auction-catalogues/supremeauctions/catalogue-id-suprem14917/lot-f73a84e2-f4af-405c-bede-b27d010a6aa5,
"Large Pallet of High End Printers to include; Canon, HP and more in various models, May include XP-",https://www.i-bidder.com/en-gb/auction-catalogues/supremeauctions/catalogue-id-suprem14914/lot-d628722a-20cf-4624-9e3a-b27c008fcd9c,
RRP £159.00 Apple AirPods (3rd Generation) with Lightning Charging Case (2022),https://www.i-bidder.com/en-gb/auction-catalogues/coreva/catalogue-id-coreva11296/lot-03626e40-bd28-4f0e-8797-b27d00d9cf51,
"RRP £256.00 Bosch BCH3P255 Flexxo Series I 4 Vacuum Cleaner Rechargeable 2-in-1 25.2 V, Autonomy U",https://www.i-bidder.com/en-gb/auction-catalogues/coreva/catalogue-id-coreva11295/lot-4d4000cd-da14-4c76-8531-b28200ec3806,
"RRP £283.00 Electrolux Pure Q9, Cordless Stick Vacuum Cleaner, 2-in-1, Lightweight and Powerful, L",https://www.i-bidder.com/en-gb/auction-catalogues/coreva/catalogue-id-coreva11287/lot-58f03e68-ab36-4aa4-8246-b27400f7c3c9,
"Refurbished Boxed Hisense Soundbar HS3100-6-speaker surround sound system, 480W Total Output Power,",https://www.i-bidder.com/en-gb/auction-catalogues/supremeauctions/catalogue-id-suprem14954/lot-b3700765-bc6e-46dd-bd43-b27f015d84d8,
Gobox VL300 LED Video Light,https://www.i-bidder.com/en-gb/auction-catalogues/ncm/catalogue-id-ncm-au11115/lot-3e62100b-2a58-4daf-a58b-b24f01105ac7,
Refurbished Boxed Hisense AX5125H 5.1.2 Channel 500W Dolby Atmos Soundbar with wireless subwoofer,https://www.i-bidder.com/en-gb/auction-catalogues/supremeauctions/catalogue-id-suprem14954/lot-9c2fc415-a8b5-4aa5-b99e-b27f015d84d8,
"RRP £141.00 House of Marley Stir It Up Record Player (non-Bluetooth)  Vinyl Turntable, Stereo P",https://www.i-bidder.com/en-gb/auction-catalogues/coreva/catalogue-id-coreva11296/lot-8738e081-6106-4723-8fa5-b27d00d9d518,
EAMA Group Auctions,https://www.i-bidder.com/en-gb/auction-catalogues/eamagroup,
RRP £456.00 APC by Schneider Electric Energy-Saving UPS PRO - BR1500GI - Uninterruptible Power Sup,https://www.i-bidder.com/en-gb/auction-catalogues/coreva/catalogue-id-coreva11297/lot-0cf01e6d-3517-445e-b52a-b28200c319c4,
"768 X 3D 12"" 'TWILIGHT' FOAM SIGN",https://www.i-bidder.com/en-gb/auction-catalogues/eamagroup/catalogue-id-eama-g10626/lot-6c72e9a8-835b-4be4-b9f0-b27e0057453f,
"1536 X 3D 12"" 'REVES' FOAM SIGN",https://www.i-bidder.com/en-gb/auction-catalogues/eamagroup/catalogue-id-eama-g10626/lot-ce555e4c-b1f6-44c9-858d-b27e004ffce5,
10 X BRAND NEW HARMIN MODERN 160CM TV STAND CABINET UNIT WITH HIGH GLOSS DOORS (WHITE ON OAK),https://www.i-bidder.com/en-gb/auction-catalogues/eamagroup/catalogue-id-eama-g10626/lot-fbe16c2d-856c-40e2-b68c-b27e01789945,
"HISENSE PureFlat Infinite RS818N4IIE American-Style Smart Fridge Freezer. - B/L. RRP £1,359.00.",https://www.i-bidder.com/en-gb/auction-catalogues/supremeauctions/catalogue-id-suprem14888/lot-4334955c-0036-4777-8840-b27500e1e429,
Dimplex Optimyst 2000W Matt Black Cast iron effect Electric Stove. - PWBW.,https://www.i-bidder.com/en-gb/auction-catalogues/supremeauctions/catalogue-id-suprem14935/lot-687b6302-f1fd-4120-a07a-b28201023ca3,
Apple iMac 27” 5K (2019) OS Sonoma Intel Core i9-9900K (8 Core) 24GB DDR4 500GB SSD Office,https://www.i-bidder.com/en-gb/auction-catalogues/william-george-auctions/catalogue-id-wi416217/lot-1c37ec26-ae73-489b-ba05-b27400da706c,
Auctions from NCM Auctions,https://www.i-bidder.com/en-gb/auction-catalogues/ncm,
Job Lot 25 x Ideal of Sweden Apple & Samsung High Quality Mobile Phone Clutch Bags RRP £1500,https://www.i-bidder.com/en-gb/auction-catalogues/william-george-auctions/catalogue-id-wi416231/lot-57544755-5677-45fd-b2c3-b28300a0d537,
SteelSeries Arctis 1 - Compatible with all platforms - Detachable ClearCast microphone,https://www.i-bidder.com/en-gb/auction-catalogues/coreva/catalogue-id-coreva11291/lot-66493f24-2c4c-4ab8-a0de-b27d00d295a4,
"RRP £138.00 Robot vacuum cleaner, floor cleaner, laser navigation, with app, black, VG RVC 3002 BK",https://www.i-bidder.com/en-gb/auction-catalogues/coreva/catalogue-id-coreva11287/lot-d3570224-5648-43f6-b10e-b27400f7c4fb,
"RRP £209.00 Toshiba Smart TV 32"" Full HD 32LK3C63DA, 32-Inch TV with Integrated Alexa, Compatible",https://www.i-bidder.com/en-gb/auction-catalogues/coreva/catalogue-id-coreva11296/lot-1e23c34a-1b0b-457d-9c18-b27d00d9d09c,
"Large Pallet of High End Printers to include; Canon, HP and more in various models, May include XP-",https://www.i-bidder.com/en-gb/auction-catalogues/supremeauctions/catalogue-id-suprem14914/lot-8de9a581-1a15-4bd4-9386-b27c008fcd9c,
"2 x BLACK+DECKER | Wallpaper Steamer Stripper with Pad, 2400 W. - EBRF",https://www.i-bidder.com/en-gb/auction-catalogues/supremeauctions/catalogue-id-suprem14914/lot-3d621980-6f15-46cf-9fb3-b27a01071118,
"RRP £3085.00 1 Pallet of Electronics & More By Gigaset, Hd, Jbl, Panasonic & more/1558-TL",https://www.i-bidder.com/en-gb/auction-catalogues/coreva/catalogue-id-coreva11293/lot-0a2c9bef-73e3-4840-b5d1-b28300e5605d,
"RRP £60.00 DeLonghi Nescafé Dolce Gusto Infinissima Pod Capsule Coffee Machine, Espresso, Cappuc",https://www.i-bidder.com/en-gb/auction-catalogues/coreva/catalogue-id-coreva11288/lot-78f21bab-e390-4c81-ba06-b27d00b74736,
RRP £287.00 CORSAIR K100 AIR WIRELESS RGB Ultra-Thin Mechanical Gaming Keyboard - CHERRY MX Low Pr,https://www.i-bidder.com/en-gb/auction-catalogues/coreva/catalogue-id-coreva11296/lot-622d0a1a-364c-4b71-8e00-b27d00d9cc02,
"RRP £139.00 Samsung Galaxy Buds2 Wireless Earphones, Graphite (UK Version)",https://www.i-bidder.com/en-gb/auction-catalogues/coreva/catalogue-id-coreva11295/lot-b519709c-aa08-4ea0-87aa-b28200ec39b8,
"768 X 3D 12"" 'GO GREEN' FOAM SIGN",https://www.i-bidder.com/en-gb/auction-catalogues/eamagroup/catalogue-id-eama-g10626/lot-b215a42a-2eee-4e2f-b213-b27e00580b54,
PALLET TO INCLUDE 100 X BRAND NEW Zebra DS2208 Corded Handheld 1D/2D Imager Barcode Scanner RRP £,https://www.i-bidder.com/en-gb/auction-catalogues/supremeauctions/catalogue-id-suprem14924/lot-bac32929-7074-43b7-8967-b27a01760618,
Prolectrix model SB719640 Vinyl/Cd/Cassette Player,https://www.i-bidder.com/en-gb/auction-catalogues/coreva/catalogue-id-coreva11291/lot-aa2c1e05-9e7e-4025-be6f-b27d00d2849d,
"RRP £123.00 Jabra Pro 920 and Pro 930 Replacement Mono DECT Headset (without wearing option), Blac",https://www.i-bidder.com/en-gb/auction-catalogues/coreva/catalogue-id-coreva11286/lot-0a5babe7-1be8-41f7-89ca-b27400f96267,
Bose Acoustimass Subwoofer PS3-2-1,https://www.i-bidder.com/en-gb/auction-catalogues/coreva/catalogue-id-coreva11287/lot-45a8703a-2ba0-45c2-8134-b27400f7c690,
Bush CHT101DVD 100W 5.1 DVD,https://www.i-bidder.com/en-gb/auction-catalogues/coreva/catalogue-id-coreva11295/lot-ae986afc-193c-4ff1-96ef-b28200ec3d32,
"768 X 3D 12"" 'TTYL' FOAM SIGN",https://www.i-bidder.com/en-gb/auction-catalogues/eamagroup/catalogue-id-eama-g10626/lot-94dfb184-2fb3-4e8b-8329-b27e00553d56,
Salter Aspen 1300W Stand Mixer. - LEBR.,https://www.i-bidder.com/en-gb/auction-catalogues/supremeauctions/catalogue-id-suprem14965/lot-3b1c4930-8c5e-4c72-9ff4-b2800106ef0b,
"Large Pallet of High End Printers to include; Canon, HP and more in various models, May include XP-",https://www.i-bidder.com/en-gb/auction-catalogues/supremeauctions/catalogue-id-suprem14914/lot-bf0756cb-20d2-4fb0-8c89-b27c008fcd9c,
"PALLET TO INCLUDE 50 X BRAND NEW Zebra DS2208 Corded Handheld 1D/2D Imager Barcode Scanner RRP £129,",https://www.i-bidder.com/en-gb/auction-catalogues/supremeauctions/catalogue-id-suprem14924/lot-c412402c-bcdc-41fb-aeff-b27a01760619,
Job Lot 25 x Ideal of Sweden Apple & Samsung High Quality Mobile Phone Cases RRP £750,https://www.i-bidder.com/en-gb/auction-catalogues/william-george-auctions/catalogue-id-wi416231/lot-24b736c4-00cc-4437-9667-b28300a0c48b,
Job Lot 100 x Ideal of Sweden Apple & Samsung High Quality Mobile Phone Cases RRP £3000,https://www.i-bidder.com/en-gb/auction-catalogues/william-george-auctions/catalogue-id-wi416231/lot-f39c1abe-dc5f-4145-bace-b28300a0e902,
HARMIN MODERN 160CM TV STAND CABINET UNIT WITH HIGH GLOSS DOORS (BLACK ON BLACK),https://www.i-bidder.com/en-gb/auction-catalogues/eamagroup/catalogue-id-eama-g10626/lot-22881c9b-c2d7-4bc0-bed9-b27e016da863,
RRP £75.00 Jabra Elite Active 65t - True Wireless In-Ear Sports Headphones with Passive Noise Can,https://www.i-bidder.com/en-gb/auction-catalogues/coreva/catalogue-id-coreva11292/lot-52a1db6c-721f-4743-970d-b27d00d5fd29,
"RRP £279.00 HP LaserJet Neverstop 1202nw 5HG93A, A4 Multifunction Printer with Quick Refill Toner",https://www.i-bidder.com/en-gb/auction-catalogues/coreva/catalogue-id-coreva11296/lot-11973ae9-fc24-4708-8293-b27d00d9cab8,
"Beldray BEL0820 Ultra Ceramic Steam Iron with Dual Soleplate Technology, 3100 W, 300 ml,. - BW.",https://www.i-bidder.com/en-gb/auction-catalogues/supremeauctions/catalogue-id-suprem14914/lot-fa36c08a-a43c-43a7-92a4-b27a01071125,
RRP £125.00 Apple AirPods with wired charging case,https://www.i-bidder.com/en-gb/auction-catalogues/coreva/catalogue-id-coreva11287/lot-997db95c-e799-4ade-b4e1-b27400f7c743,
Refurbished Boxed Hisense AX5100G 5.1 Channel 340W Dobly Atmos Soundbar with Wireless Subwoofer. -,https://www.i-bidder.com/en-gb/auction-catalogues/supremeauctions/catalogue-id-suprem14954/lot-e8964b14-7070-4453-a85f-b27f015d84d8,
Refurbished Boxed Trade Lot 5 x HISENSE HS214 2.1 All-in-one Sound Bar. RRP £199 each. (ROW5.5).,https://www.i-bidder.com/en-gb/auction-catalogues/supremeauctions/catalogue-id-suprem14954/lot-5195659d-43d5-4b33-9499-b27f015d84d8,
Beko QBSE222X Built-in Multifunction Oven. - R9BW. RRP £329.00.,https://www.i-bidder.com/en-gb/auction-catalogues/supremeauctions/catalogue-id-suprem14935/lot-7f0e2fb8-68eb-4b64-9df3-b28201023cad,
"RRP £277.00 HP Smart Tank 7305 All-in-One Printer - Color Inkjet - 3 Years of Ink Included (Copy,",https://www.i-bidder.com/en-gb/auction-catalogues/coreva/catalogue-id-coreva11297/lot-93fc5223-0325-4694-8fbc-b28200c31a96,
"20 X BRAND NEW Zebra DS2208 Corded Handheld 1D/2D Imager Barcode Scanner RRP £129, 2D barcodes",https://www.i-bidder.com/en-gb/auction-catalogues/supremeauctions/catalogue-id-suprem14924/lot-eb29f64c-c2da-46c4-8a52-b27a01760619,
"HISENSE PureFlat RF540N4WFE Fridge Freezer. - B/L. RRP £1,299.00. Tired of always having to",https://www.i-bidder.com/en-gb/auction-catalogues/supremeauctions/catalogue-id-suprem14888/lot-37e5b9a9-8a49-41b0-a115-b27500e1e429,
"Tower T17039 Xpress Pro 5-in-1 Digital Air Fryer Oven with Rapid Air Circulation, 60-Minute Timer,",https://www.i-bidder.com/en-gb/auction-catalogues/supremeauctions/catalogue-id-suprem14914/lot-d7f32093-def7-4e54-b93e-b27a01071118,
"Large Pallet of BOXED High-End Kitchen & Appliances Stock – May Include: Air Fryers, Electric Cloths",https://www.i-bidder.com/en-gb/auction-catalogues/supremeauctions/catalogue-id-suprem14937/lot-2d3af175-1f73-4c7c-8e74-b27d00b06550,
"RRP - £3100, 1 Pallet of Electronics & More By Nintendo, Logitech, Panasonic & More/1558-TL",https://www.i-bidder.com/en-gb/auction-catalogues/william-george-auctions/catalogue-id-wi416207/lot-470be0f1-bb55-4fe2-a121-b27c00e5b226,
"20,000 LABELS 50MM X 25MM 2X1 INCH WHITE THERMAL DIRECT ZEBRA PRINTER LABELS 20 X 1000 PER ROLL",https://www.i-bidder.com/en-gb/auction-catalogues/eamagroup/catalogue-id-eama-g10626/lot-080d9d8b-2fff-4dbc-b396-b27e0133d53a,
Job Lot 50 x Ideal of Sweden Apple & Samsung High Quality Mobile Phone Cases RRP £1500,https://www.i-bidder.com/en-gb/auction-catalogues/william-george-auctions/catalogue-id-wi416231/lot-f6e3730d-41b6-4426-b868-b28300a105e5,
RRP £292.00 Thrustmaster T248 Racing Wheel Force Feedback and Magnetic Pedals - PS5 / PS4 / PC,https://www.i-bidder.com/en-gb/auction-catalogues/coreva/catalogue-id-coreva11297/lot-1bf206c1-fec6-4bfd-8f54-b28200c31b02,
"768 X 3D 12"" 'TWILIGHT' FOAM SIGN",https://www.i-bidder.com/en-gb/auction-catalogues/eamagroup/catalogue-id-eama-g10626/lot-5b6c2346-dc2f-41d9-ad01-b27e00555666,
"PALLET TO INCLUDE 50 X BRAND NEW Zebra DS2208 Corded Handheld 1D/2D Imager Barcode Scanner RRP £129,",https://www.i-bidder.com/en-gb/auction-catalogues/supremeauctions/catalogue-id-suprem14924/lot-ade3482b-fd08-4a2f-8cdc-b27a01760619,
Rangemaster RDXD18SS/C French Style Fridge Freezer Non Ice & Water – STAINLESS STEEL. - B/L. RRP £,https://www.i-bidder.com/en-gb/auction-catalogues/supremeauctions/catalogue-id-suprem14888/lot-ad48bb24-0915-44d8-abd4-b27500e1e429,
1350 X CAMCORDER TAPE HOLDER- ASSTD CLRS,https://www.i-bidder.com/en-gb/auction-catalogues/eamagroup/catalogue-id-eama-g10626/lot-8545ca93-abd5-4373-b2f4-b27e00555183,
"768 X 3D 12"" 'TTYL' FOAM SIGN",https://www.i-bidder.com/en-gb/auction-catalogues/eamagroup/catalogue-id-eama-g10626/lot-09c26c64-65b7-4c22-aa76-b27e005d846e,
"HISENSE 55A6GTUK (55 Inch) UNBOXED 4K UHD Smart TV, with Dolby Vision HDR, DTS Virtual X, Youtube,",https://www.i-bidder.com/en-gb/auction-catalogues/supremeauctions/catalogue-id-suprem14721/lot-65574e68-d927-49fe-829f-b282008541c9,
Auctions from Alexander Aurelius Auctioneers,https://www.i-bidder.com/en-gb/auction-catalogues/coreva,
"Large Pallet of High End Printers to include; Canon, HP and more in various models, May include XP-",https://www.i-bidder.com/en-gb/auction-catalogues/supremeauctions/catalogue-id-suprem14914/lot-5d1d6316-a2c8-4e8e-b766-b27c008fcda1,
DG60FAK LAND ROVERDISCOVERY 4 DIESEL SW - 3.0 TDV6 XS 5dr Auto First Registered: 08/09/2010. MOT,https://www.i-bidder.com/en-gb/auction-catalogues/supremeauctions/catalogue-id-suprem14850/lot-29132fbb-9f47-447a-9b95-b27a0108b755,
5 X BRAND NEW HARMIN MODERN 160CM TV STAND CABINET UNIT WITH HIGH GLOSS DOORS (WHITE ON OAK),https://www.i-bidder.com/en-gb/auction-catalogues/eamagroup/catalogue-id-eama-g10626/lot-a6e6b93b-45eb-444c-979f-b27e01788da6,
Professional A3 Scanner Epson GT-15000 - Flatbed Scanner High Resolution,https://www.i-bidder.com/en-gb/auction-catalogues/william-george-auctions/catalogue-id-wi416217/lot-d62e7917-9af3-4cf9-a912-b27400daa5b2,
"Acer Nitro 5 Laptop, AMD Ryzen 7 5800H, 16GB RAM, 256GB SSD, UK Keyboard, No OS Installed. Used, wit",https://www.i-bidder.com/en-gb/auction-catalogues/vfauctions/catalogue-id-vf-auc10601/lot-61258ddd-7638-42ca-8ba4-b28100f36108,
RRP £398.00 AEG QX9-1-ANIM 2in1 cordless vacuum cleaner/bagless/pet hair nozzle & accessory set/up,https://www.i-bidder.com/en-gb/auction-catalogues/coreva/catalogue-id-coreva11286/lot-9ddf99e7-0b51-4427-8d21-b27400f95e1f,
960 X RELOAD INK CARTRIDGE ASSTD COL,https://www.i-bidder.com/en-gb/auction-catalogues/eamagroup/catalogue-id-eama-g10626/lot-d057431b-e3f3-46b4-b6ac-b27e004feda4,
Arri T5 Tungsten Light,https://www.i-bidder.com/en-gb/auction-catalogues/ncm/catalogue-id-ncm-au11115/lot-176e415f-88fd-4682-9c7a-b25d0114ad0c,
Pair Of Elinchrom D-Lite RX One Studio Lights,https://www.i-bidder.com/en-gb/auction-catalogues/ncm/catalogue-id-ncm-au11115/lot-1c0477cb-3915-4ef3-9287-b24f01105ca4,
1500 X PAPER WATCH BOX,https://www.i-bidder.com/en-gb/auction-catalogues/eamagroup/catalogue-id-eama-g10626/lot-767ffec8-51ad-43ce-ac41-b27e00554c9a,
"Beldray BEL0820 Ultra Ceramic Steam Iron with Dual Soleplate Technology, 3100 W, 300 ml,. - BW.",https://www.i-bidder.com/en-gb/auction-catalogues/supremeauctions/catalogue-id-suprem14914/lot-4b18bb58-3583-4387-a24b-b27a01071125,
"Morphy Richards Easy Steam 2400w Steam Generator Iron, 1.8Litre. Box damaged",https://www.i-bidder.com/en-gb/auction-catalogues/vfauctions/catalogue-id-vf-auc10601/lot-c2f98f10-fd43-46d2-895c-b28100f3af3f,
1350 X CAMCORDER TAPE HOLDER- ASSTD CLRS,https://www.i-bidder.com/en-gb/auction-catalogues/eamagroup/catalogue-id-eama-g10626/lot-9c5db30b-3339-4bf9-abe1-b27e00572b5f,
Makita DHR202Z 2.9kg 18V Li-Ion LXT Cordless SDS Plus Rotary Hammer Drill. - R13.9.,https://www.i-bidder.com/en-gb/auction-catalogues/supremeauctions/catalogue-id-suprem14917/lot-168176a2-4287-4486-8802-b27d010a6aa5,
RRP £99.00 JBL Tune 125 TWS In-Ear Bluetooth Headphones in Blue - Wireless earphones with built-i,https://www.i-bidder.com/en-gb/auction-catalogues/coreva/catalogue-id-coreva11294/lot-6e91ff44-dd36-4b7a-879b-b27d00d86814,
1350 X CAMCORDER TAPE HOLDER- ASSTD CLRS,https://www.i-bidder.com/en-gb/auction-catalogues/eamagroup/catalogue-id-eama-g10626/lot-e6f4e1db-86bd-4ffc-af30-b27e005d74e4,
HARMIN MODERN 160CM TV STAND CABINET UNIT WITH HIGH GLOSS DOORS (BLACK ON BLACK),https://www.i-bidder.com/en-gb/auction-catalogues/eamagroup/catalogue-id-eama-g10626/lot-7164c051-66c5-4d41-b5ce-b27e016d9cfd,
"Lenovo ThinkPad X1 Yoga Gen 8 Laptop, 13th Gen Intel Core I7-1355U, 16GB RAM, 512GB SSD, Windows 11.",https://www.i-bidder.com/en-gb/auction-catalogues/vfauctions/catalogue-id-vf-auc10601/lot-03b080ed-2987-448f-bd7f-b28100f367b4,
"RRP £278.00 Bosch Cordless Vacuum Cleaner Athlet Ultimate BBH73260K, cordless handheld vacuum clea",https://www.i-bidder.com/en-gb/auction-catalogues/coreva/catalogue-id-coreva11296/lot-f0de387a-a962-49db-b7c3-b27d00d9c9e9,
RRP £69.00 Somfy 1870755 - Connectivity Kit | To control Somfy motors and lighting with a smartph,https://www.i-bidder.com/en-gb/auction-catalogues/coreva/catalogue-id-coreva11294/lot-ec13a691-f77a-4408-8845-b27d00d86da7,
"Fridgemaster MQ79394ES Freestanding American 4 Door Fridge Freezer 427L, Total No Frost. - B/L.",https://www.i-bidder.com/en-gb/auction-catalogues/supremeauctions/catalogue-id-suprem14888/lot-5067d20b-cd93-4d98-8115-b27500e1e429,
Auctions from Supreme Auctions,https://www.i-bidder.com/en-gb/auction-catalogues/supremeauctions,
"Microsoft Surface Go Type Cover, Black. Box damaged",https://www.i-bidder.com/en-gb/auction-catalogues/vfauctions/catalogue-id-vf-auc10599/lot-66e39f1e-65ea-483d-9075-b27b00a39532,
"768 X 3D 12"" 'TWILIGHT' FOAM SIGN",https://www.i-bidder.com/en-gb/auction-catalogues/eamagroup/catalogue-id-eama-g10626/lot-76f82a97-7149-450e-b6a4-b27e005532f0,
Dell Latitude 5175 Windows 11 Pro 10.8” Intel m5-6Y57 4GB DDR4 128GB SSD HDMI Webcam Office,https://www.i-bidder.com/en-gb/auction-catalogues/william-george-auctions/catalogue-id-wi416217/lot-032ccfcf-fde1-43f2-b846-b27400da87db,
Microsoft Surface Pro 7 Windows 11 Intel Core i5-1035G4 16GB DDR4 256GB SSD Webcam WiFi,https://www.i-bidder.com/en-gb/auction-catalogues/william-george-auctions/catalogue-id-wi416217/lot-901803d6-724d-40c7-bb10-b27400da38b5,
SALTER EK6153 3-In-1 Digital Egg Cooker. -LEBR,https://www.i-bidder.com/en-gb/auction-catalogues/supremeauctions/catalogue-id-suprem14965/lot-97b8b83c-2da9-45ba-8957-b2800106ef06,
Auctions from Vernon Fox Auctions,https://www.i-bidder.com/en-gb/auction-catalogues/vfauctions,
